food,kcal,protein,carbs,fat,serving_size
McDonald’s - Hamburger,250.0,0.0,0.0,0.0,1 unidade
McDonald’s - Cheeseburger,300.0,0.0,0.0,0.0,1 unidade
McDonald’s - Double Cheeseburger,440.0,0.0,0.0,0.0,1 unidade
McDonald’s - McDouble,390.0,0.0,0.0,0.0,1 unidade
McDonald’s - Quarter Pounder® with Cheese,510.0,0.0,0.0,0.0,1 unidade
McDonald’s - Double Quarter Pounder® with Cheese,740.0,0.0,0.0,0.0,1 unidade
McDonald’s - Big Mac®,540.0,0.0,0.0,0.0,1 unidade
McDonald’s - Big N’ Tasty®,460.0,0.0,0.0,0.0,1 unidade
McDonald’s - Big N’ Tasty® with Cheese,510.0,0.0,0.0,0.0,1 unidade
McDonald’s - Angus Bacon & Cheese,790.0,0.0,0.0,0.0,1 unidade
McDonald’s - Angus Deluxe,750.0,0.0,0.0,0.0,1 unidade
McDonald’s - Angus Mushroom & Swiss,770.0,0.0,0.0,0.0,1 unidade
McDonald’s - Filet-O-Fish®,380.0,0.0,0.0,0.0,1 unidade
McDonald’s - McChicken ®,360.0,0.0,0.0,0.0,1 unidade
McDonald’s - McRib ®,500.0,0.0,0.0,0.0,1 unidade
McDonald’s - Premium Grilled Chicken Classic Sandwich,360.0,0.0,0.0,0.0,1 unidade
McDonald’s - Premium Crispy Chicken Classic Sandwich,510.0,0.0,0.0,0.0,1 unidade
McDonald’s - Premium Grilled Chicken Club Sandwich,460.0,0.0,0.0,0.0,1 unidade
McDonald’s - Premium Crispy Chicken Club Sandwich,620.0,0.0,0.0,0.0,1 unidade
McDonald’s - Premium Grilled Chicken Ranch BLT Sandwich,380.0,0.0,0.0,0.0,1 unidade
McDonald’s - Premium Crispy Chicken Ranch BLT Sandwich,540.0,0.0,0.0,0.0,1 unidade
McDonald’s - Southern Style Crispy Chicken Sandwich,400.0,0.0,0.0,0.0,1 unidade
McDonald’s - Ranch Snack Wrap® (Crispy),340.0,0.0,0.0,0.0,1 unidade
McDonald’s - Ranch Snack Wrap® (Grilled),270.0,0.0,0.0,0.0,1 unidade
McDonald’s - Honey Mustard Snack Wrap® (Crispy),330.0,0.0,0.0,0.0,1 unidade
McDonald’s - Honey Mustard Snack Wrap® (Grilled),260.0,0.0,0.0,0.0,1 unidade
McDonald’s - Chipotle BBQ Snack Wrap® (Crispy),330.0,0.0,0.0,0.0,1 unidade
McDonald’s - Chipotle BBQ Snack Wrap® (Grilled),260.0,0.0,0.0,0.0,1 unidade
McDonald’s - Angus Bacon & Cheese Snack Wrap,390.0,0.0,0.0,0.0,1 unidade
McDonald’s - Angus Chipotle BBQ Bacon,800.0,0.0,0.0,0.0,1 unidade
McDonald’s - Angus Chipotle BBQ Bacon Snack Wrap,400.0,0.0,0.0,0.0,1 unidade
McDonald’s - Angus Deluxe Snack Wrap,410.0,0.0,0.0,0.0,1 unidade
McDonald’s - Angus Mushroom & Swiss Snack Wrap,430.0,0.0,0.0,0.0,1 unidade
McDonald’s - Mac Snack Wrap,330.0,0.0,0.0,0.0,1 unidade
McDonald’s - Small French Fries,230.0,0.0,0.0,0.0,1 unidade
McDonald’s - Medium French Fries,380.0,0.0,0.0,0.0,1 unidade
McDonald’s - Large French Fries,500.0,0.0,0.0,0.0,1 unidade
McDonald’s - Ketchup Packet,15.0,0.0,0.0,0.0,1 unidade
McDonald’s - Chicken McNuggets® (4 piece),190.0,0.0,0.0,0.0,1 unidade
McDonald’s - Chicken McNuggets® (6 piece),280.0,0.0,0.0,0.0,1 unidade
McDonald’s - Chicken McNuggets® (10 piece),470.0,0.0,0.0,0.0,1 unidade
McDonald’s - Barbeque Sauce,50.0,0.0,0.0,0.0,1 unidade
McDonald’s - Honey,50.0,0.0,0.0,0.0,1 unidade
McDonald’s - Hot Mustard Sauce,60.0,0.0,0.0,0.0,1 unidade
McDonald’s - Sweet ‘N Sour Sauce,50.0,0.0,0.0,0.0,1 unidade
McDonald’s - Chicken Selects® Premium Breast Strips (3 pc),400.0,0.0,0.0,0.0,1 unidade
McDonald’s - Chicken Selects® Premium Breast Strips (5 pc),660.0,0.0,0.0,0.0,1 unidade
McDonald’s - Spicy Buffalo Sauce,60.0,0.0,0.0,0.0,1 unidade
McDonald’s - Creamy Ranch Sauce,170.0,0.0,0.0,0.0,1 unidade
McDonald’s - Tangy Honey Mustard Sauce,60.0,0.0,0.0,0.0,1 unidade
McDonald’s - Southwestern Chipotle Barbeque Sauce,60.0,0.0,0.0,0.0,1 unidade
McDonald’s - Premium Southwest Salad with Grilled Chicken,320.0,0.0,0.0,0.0,1 unidade
McDonald’s - Premium Southwest Salad with Crispy Chicken,430.0,0.0,0.0,0.0,1 unidade
McDonald’s - Premium Southwest Salad (without chicken),140.0,0.0,0.0,0.0,1 unidade
McDonald’s - Premium Bacon Ranch Salad with Grilled Chicken,260.0,0.0,0.0,0.0,1 unidade
McDonald’s - Premium Bacon Ranch Salad with Crispy Chicken,370.0,0.0,0.0,0.0,1 unidade
McDonald’s - Premium Bacon Ranch Salad (without chicken),140.0,0.0,0.0,0.0,1 unidade
McDonald’s - Premium Caesar Salad with Grilled Chicken,220.0,0.0,0.0,0.0,1 unidade
McDonald’s - Premium Caesar Salad with Crispy Chicken,330.0,0.0,0.0,0.0,1 unidade
McDonald’s - Premium Caesar Salad (without chicken),90.0,0.0,0.0,0.0,1 unidade
McDonald’s - Side Salad,20.0,0.0,0.0,0.0,1 unidade
McDonald’s - Butter Garlic Croutons,60.0,0.0,0.0,0.0,1 unidade
McDonald’s - Snack Size Fruit & Walnut Salad,210.0,0.0,0.0,0.0,1 unidade
McDonald’s - Newman’s Own® Creamy Southwest Dressing,100.0,0.0,0.0,0.0,1 unidade
McDonald’s - Newman’s Own® Creamy Caesar Dressing,190.0,0.0,0.0,0.0,1 unidade
McDonald’s - Newman’s Own® Low Fat Balsamic Vinaigrette,40.0,0.0,0.0,0.0,1 unidade
McDonald’s - Newman’s Own® Low Fat Family Recipe Italian Dressing,60.0,0.0,0.0,0.0,1 unidade
McDonald’s - Newman’s Own® Ranch Dressing,170.0,0.0,0.0,0.0,1 unidade
McDonald’s - Egg McMuffin®,300.0,0.0,0.0,0.0,1 unidade
McDonald’s - Sausage McMuffin®,370.0,0.0,0.0,0.0,1 unidade
McDonald’s - Sausage McMuffin® with Egg,450.0,0.0,0.0,0.0,1 unidade
McDonald’s - English Muffin,160.0,0.0,0.0,0.0,1 unidade
"McDonald’s - Bacon, Egg & Cheese Biscuit (Regular Size Biscuit)",420.0,0.0,0.0,0.0,1 unidade
"McDonald’s - Bacon, Egg & Cheese Biscuit (Large Size Biscuit)",480.0,0.0,0.0,0.0,1 unidade
McDonald’s - Sausage Biscuit with Egg (Regular Size Biscuit),510.0,0.0,0.0,0.0,1 unidade
McDonald’s - Sausage Biscuit with Egg (Large Size Biscuit),570.0,0.0,0.0,0.0,1 unidade
McDonald’s - Sausage Biscuit (Regular Size Biscuit),430.0,0.0,0.0,0.0,1 unidade
McDonald’s - Sausage Biscuit (Large Size Biscuit),480.0,0.0,0.0,0.0,1 unidade
McDonald’s - Southern Style Chicken Biscuit (Regular Size Biscuit),410.0,0.0,0.0,0.0,1 unidade
McDonald’s - Southern Style Chicken Biscuit (Large Size Biscuit),470.0,0.0,0.0,0.0,1 unidade
"McDonald’s - Steak, Egg & Cheese Bagel",660.0,0.0,0.0,0.0,1 unidade
"McDonald’s - Bacon, Egg & Cheese McGriddles®",420.0,0.0,0.0,0.0,1 unidade
"McDonald’s - Sausage, Egg & Cheese McGriddles®",560.0,0.0,0.0,0.0,1 unidade
McDonald’s - Sausage McGriddles®,420.0,0.0,0.0,0.0,1 unidade
McDonald’s - Big Breakfast® (Regular Size Biscuit),740.0,0.0,0.0,0.0,1 unidade
McDonald’s - Big Breakfast® (Large Size Biscuit),800.0,0.0,0.0,0.0,1 unidade
McDonald’s - Big Breakfast with Hotcakes (Regular Size Biscuit),1090.0,0.0,0.0,0.0,1 unidade
McDonald’s - Big Breakfast with Hotcakes (Large Size Biscuit),1150.0,0.0,0.0,0.0,1 unidade
McDonald’s - Sausage Burrito,300.0,0.0,0.0,0.0,1 unidade
McDonald’s - McSkillet™ Burrito with Sausage,610.0,0.0,0.0,0.0,1 unidade
McDonald’s - Hotcakes,350.0,0.0,0.0,0.0,1 unidade
McDonald’s - Hotcakes and Sausage,520.0,0.0,0.0,0.0,1 unidade
McDonald’s - Hotcake Syrup,180.0,0.0,0.0,0.0,1 unidade
McDonald’s - Whipped Margarine (1 pat),40.0,0.0,0.0,0.0,1 unidade
McDonald’s - Hash Brown,150.0,0.0,0.0,0.0,1 unidade
McDonald’s - Grape Jam,35.0,0.0,0.0,0.0,1 unidade
McDonald’s - Strawberry Preserves,35.0,0.0,0.0,0.0,1 unidade
"McDonald’s - Bacon, Egg & Cheese Bagel",560.0,0.0,0.0,0.0,1 unidade
McDonald’s - Fruit & Maple Oatmeal,290.0,0.0,0.0,0.0,1 unidade
McDonald’s - Fruit & Maple Oatmeal without Brown Sugar,260.0,0.0,0.0,0.0,1 unidade
McDonald’s - Hamburger Happy Meal,475.0,0.0,0.0,0.0,1 unidade
McDonald’s - 4 Piece Chicken McNuggets Happy Meal,395.0,0.0,0.0,0.0,1 unidade
McDonald’s - 6 Piece Chicken McNuggets® Happy Meal,475.0,0.0,0.0,0.0,1 unidade
McDonald’s - Fruit ‘n Yogurt Parfait (7 oz),160.0,0.0,0.0,0.0,1 unidade
McDonald’s - Low Fat Caramel Dip,70.0,0.0,0.0,0.0,1 unidade
McDonald’s - Vanilla Reduced Fat Ice Cream Cone,150.0,0.0,0.0,0.0,1 unidade
McDonald’s - Kiddie Cone,45.0,0.0,0.0,0.0,1 unidade
McDonald’s - Strawberry Sundae,280.0,0.0,0.0,0.0,1 unidade
McDonald’s - Hot Caramel Sundae,340.0,0.0,0.0,0.0,1 unidade
McDonald’s - Hot Fudge Sundae,330.0,0.0,0.0,0.0,1 unidade
McDonald’s - Peanuts (for Sundaes),45.0,0.0,0.0,0.0,1 unidade
McDonald’s - McFlurry® with M&M’S® Candies (12 fl oz cup),710.0,0.0,0.0,0.0,1 unidade
McDonald’s - McFlurry® with OREO® Cookies (12 fl oz cup),580.0,0.0,0.0,0.0,1 unidade
McDonald’s - Baked Hot Apple Pie,250.0,0.0,0.0,0.0,1 unidade
McDonald’s - Cinnamon Melts,460.0,0.0,0.0,0.0,1 unidade
McDonald’s - McDonaldland® Cookies,260.0,0.0,0.0,0.0,1 unidade
McDonald’s - Chocolate Chip Cookie,160.0,0.0,0.0,0.0,1 unidade
McDonald’s - Oatmeal Raisin Cookie,150.0,0.0,0.0,0.0,1 unidade
McDonald’s - Sugar Cookie,160.0,0.0,0.0,0.0,1 unidade
McDonald’s - Apple Dippers with Low Fat Caramel Dip,100.0,0.0,0.0,0.0,1 unidade
McDonald’s - Chocolate McCafé® Shake (12 fl oz cup),580.0,0.0,0.0,0.0,1 unidade
McDonald’s - Chocolate McCafé® Shake (16 fl oz cup),720.0,0.0,0.0,0.0,1 unidade
McDonald’s - Chocolate McCafé® Shake (22 fl oz cup),880.0,0.0,0.0,0.0,1 unidade
McDonald’s - Chocolate Triple Thick® Shake (12 fl oz cup),440.0,0.0,0.0,0.0,1 unidade
McDonald’s - Chocolate Triple Thick® Shake (16 fl oz cup),580.0,0.0,0.0,0.0,1 unidade
McDonald’s - Chocolate Triple Thick® Shake (21 fl oz cup),770.0,0.0,0.0,0.0,1 unidade
McDonald’s - Chocolate Triple Thick® Shake (32 fl oz cup),1160.0,0.0,0.0,0.0,1 unidade
McDonald’s - Snack Size McFlurry® with M&M’S® Candies,430.0,0.0,0.0,0.0,1 unidade
McDonald’s - Snack Size McFlurry® with OREO® Cookies,340.0,0.0,0.0,0.0,1 unidade
McDonald’s - Strawberry McCafé® Shake (12 fl oz cup),570.0,0.0,0.0,0.0,1 unidade
McDonald’s - Strawberry McCafé® Shake (16 fl oz cup),710.0,0.0,0.0,0.0,1 unidade
McDonald’s - Strawberry McCafé® Shake (22 fl oz cup),860.0,0.0,0.0,0.0,1 unidade
McDonald’s - Strawberry Triple Thick® Shake (12 fl oz cup),420.0,0.0,0.0,0.0,1 unidade
McDonald’s - Strawberry Triple Thick® Shake (16 fl oz cup),560.0,0.0,0.0,0.0,1 unidade
McDonald’s - Strawberry Triple Thick® Shake (21 fl oz cup),740.0,0.0,0.0,0.0,1 unidade
McDonald’s - Strawberry Triple Thick® Shake (32 fl oz cup),1110.0,0.0,0.0,0.0,1 unidade
McDonald’s - Vanilla McCafé® Shake (12 fl oz cup),540.0,0.0,0.0,0.0,1 unidade
McDonald’s - Vanilla McCafé® Shake (16 fl oz cup),680.0,0.0,0.0,0.0,1 unidade
McDonald’s - Vanilla McCafé® Shake (22 fl oz cup),830.0,0.0,0.0,0.0,1 unidade
McDonald’s - Vanilla Triple Thick Shake® (32 fl oz cup),1110.0,0.0,0.0,0.0,1 unidade
McDonald’s - Vanilla Triple Thick® Shake (12 fl oz cup),420.0,0.0,0.0,0.0,1 unidade
McDonald’s - Vanilla Triple Thick® Shake (16 fl oz cup),550.0,0.0,0.0,0.0,1 unidade
McDonald’s - Vanilla Triple Thick® Shake (21 fl oz cup),740.0,0.0,0.0,0.0,1 unidade
McDonald’s - 1% Low Fat Milk Jug,100.0,0.0,0.0,0.0,1 unidade
McDonald’s - 1% Low Fat Chocolate Milk Jug,170.0,0.0,0.0,0.0,1 unidade
McDonald’s - Minute Maid® 100% Apple Juice Box,100.0,0.0,0.0,0.0,1 unidade
McDonald’s - Minute Maid® Orange Juice (Small),150.0,0.0,0.0,0.0,1 unidade
McDonald’s - Minute Maid® Orange Juice (Medium),190.0,0.0,0.0,0.0,1 unidade
McDonald’s - Minute Maid® Orange Juice (Large),280.0,0.0,0.0,0.0,1 unidade
McDonald’s - Coca-Cola® Classic (Child),110.0,0.0,0.0,0.0,1 unidade
McDonald’s - Coca-Cola® Classic (Small),150.0,0.0,0.0,0.0,1 unidade
McDonald’s - Coca-Cola® Classic (Medium),210.0,0.0,0.0,0.0,1 unidade
McDonald’s - Coca-Cola® Classic (Large),310.0,0.0,0.0,0.0,1 unidade
McDonald’s - Sprite® (Child),110.0,0.0,0.0,0.0,1 unidade
McDonald’s - Sprite® (Small),150.0,0.0,0.0,0.0,1 unidade
McDonald’s - Sprite® (Medium),210.0,0.0,0.0,0.0,1 unidade
McDonald’s - Sprite® (Large),310.0,0.0,0.0,0.0,1 unidade
McDonald’s - Hi-C® Orange Lavaburst (Child),120.0,0.0,0.0,0.0,1 unidade
McDonald’s - Hi-C® Orange Lavaburst (Small),160.0,0.0,0.0,0.0,1 unidade
McDonald’s - Hi-C® Orange Lavaburst (Medium),240.0,0.0,0.0,0.0,1 unidade
McDonald’s - Hi-C® Orange Lavaburst (Large),350.0,0.0,0.0,0.0,1 unidade
McDonald’s - POWERade® Mountain Blast (Child),70.0,0.0,0.0,0.0,1 unidade
McDonald’s - POWERade® Mountain Blast (Small),100.0,0.0,0.0,0.0,1 unidade
McDonald’s - POWERade® Mountain Blast (Medium),150.0,0.0,0.0,0.0,1 unidade
McDonald’s - POWERade® Mountain Blast (Large),220.0,0.0,0.0,0.0,1 unidade
McDonald’s - Coffee Cream,20.0,0.0,0.0,0.0,1 unidade
McDonald’s - Sugar Packet,15.0,0.0,0.0,0.0,1 unidade
McDonald’s - Iced Coffee– Caramel (Small),130.0,0.0,0.0,0.0,1 unidade
McDonald’s - Iced Coffee– Caramel (Medium),190.0,0.0,0.0,0.0,1 unidade
McDonald’s - Iced Coffee– Caramel (Large),270.0,0.0,0.0,0.0,1 unidade
McDonald’s - Iced Coffee– Hazelnut (Small),130.0,0.0,0.0,0.0,1 unidade
McDonald’s - Iced Coffee– Hazelnut (Medium),190.0,0.0,0.0,0.0,1 unidade
McDonald’s - Iced Coffee– Hazelnut (Large),270.0,0.0,0.0,0.0,1 unidade
McDonald’s - Iced Coffee– Regular (Small),140.0,0.0,0.0,0.0,1 unidade
McDonald’s - Iced Coffee– Regular (Medium),200.0,0.0,0.0,0.0,1 unidade
McDonald’s - Iced Coffee– Regular (Large),280.0,0.0,0.0,0.0,1 unidade
McDonald’s - Iced Coffee– Vanilla (Small),130.0,0.0,0.0,0.0,1 unidade
McDonald’s - Iced Coffee– Vanilla (Medium),190.0,0.0,0.0,0.0,1 unidade
McDonald’s - Iced Coffee– Vanilla (Large),270.0,0.0,0.0,0.0,1 unidade
McDonald’s - Iced Coffee with Sugar Free Vanilla Syrup (Small),60.0,0.0,0.0,0.0,1 unidade
McDonald’s - Iced Coffee with Sugar Free Vanilla Syrup (Medium),90.0,0.0,0.0,0.0,1 unidade
McDonald’s - Iced Coffee with Sugar Free Vanilla Syrup (Large),120.0,0.0,0.0,0.0,1 unidade
McDonald’s - Sweet Tea (Child),110.0,0.0,0.0,0.0,1 unidade
McDonald’s - Sweet Tea (Large),280.0,0.0,0.0,0.0,1 unidade
McDonald’s - Sweet Tea (Medium),180.0,0.0,0.0,0.0,1 unidade
McDonald’s - Sweet Tea (Small),150.0,0.0,0.0,0.0,1 unidade
McDonald’s - Nonfat Cappuccino (Small),60.0,0.0,0.0,0.0,1 unidade
McDonald’s - Nonfat Cappuccino (Medium),80.0,0.0,0.0,0.0,1 unidade
McDonald’s - Nonfat Cappuccino (Large),90.0,0.0,0.0,0.0,1 unidade
McDonald’s - Nonfat Latte (Small),90.0,0.0,0.0,0.0,1 unidade
McDonald’s - Nonfat Latte (Medium),110.0,0.0,0.0,0.0,1 unidade
McDonald’s - Nonfat Latte (Large),120.0,0.0,0.0,0.0,1 unidade
McDonald’s - Nonfat Caramel Cappuccino (Small),150.0,0.0,0.0,0.0,1 unidade
McDonald’s - Nonfat Caramel Cappuccino (Medium),190.0,0.0,0.0,0.0,1 unidade
McDonald’s - Nonfat Caramel Cappuccino (Large),230.0,0.0,0.0,0.0,1 unidade
McDonald’s - Nonfat Caramel Latte (Small),170.0,0.0,0.0,0.0,1 unidade
McDonald’s - Nonfat Caramel Latte (Medium),220.0,0.0,0.0,0.0,1 unidade
McDonald’s - Nonfat Caramel Latte (Large),260.0,0.0,0.0,0.0,1 unidade
McDonald’s - Nonfat Hazelnut Cappuccino (Small),150.0,0.0,0.0,0.0,1 unidade
McDonald’s - Nonfat Hazelnut Cappuccino (Medium),190.0,0.0,0.0,0.0,1 unidade
McDonald’s - Nonfat Hazelnut Cappuccino (Large),230.0,0.0,0.0,0.0,1 unidade
McDonald’s - Nonfat Hazelnut Latte (Small),180.0,0.0,0.0,0.0,1 unidade
McDonald’s - Nonfat Hazelnut Latte (Medium),220.0,0.0,0.0,0.0,1 unidade
McDonald’s - Nonfat Hazelnut Latte (Large),260.0,0.0,0.0,0.0,1 unidade
McDonald’s - Nonfat Vanilla Cappuccino (Small),150.0,0.0,0.0,0.0,1 unidade
McDonald’s - Nonfat Vanilla Cappuccino (Medium),190.0,0.0,0.0,0.0,1 unidade
McDonald’s - Nonfat Vanilla Cappuccino (Large),230.0,0.0,0.0,0.0,1 unidade
McDonald’s - Nonfat Vanilla Latte (Small),180.0,0.0,0.0,0.0,1 unidade
McDonald’s - Nonfat Vanilla Latte (Medium),220.0,0.0,0.0,0.0,1 unidade
McDonald’s - Nonfat Vanilla Latte (Large),260.0,0.0,0.0,0.0,1 unidade
McDonald’s - Nonfat Cappuccino with Sugar Free Vanilla Syrup (Small),50.0,0.0,0.0,0.0,1 unidade
McDonald’s - Nonfat Cappuccino with Sugar Free Vanilla Syrup (Medium),70.0,0.0,0.0,0.0,1 unidade
McDonald’s - Nonfat Cappuccino with Sugar Free Vanilla Syrup (Large),80.0,0.0,0.0,0.0,1 unidade
McDonald’s - Nonfat Latte with Sugar Free Vanilla Syrup (Small),80.0,0.0,0.0,0.0,1 unidade
McDonald’s - Nonfat Latte with Sugar Free Vanilla Syrup (Medium),90.0,0.0,0.0,0.0,1 unidade
McDonald’s - Nonfat Latte with Sugar Free Vanilla Syrup (Large),110.0,0.0,0.0,0.0,1 unidade
McDonald’s - Mocha with Nonfat Milk (Small),240.0,0.0,0.0,0.0,1 unidade
McDonald’s - Mocha with Nonfat Milk (Medium),280.0,0.0,0.0,0.0,1 unidade
McDonald’s - Mocha with Nonfat Milk (Large),330.0,0.0,0.0,0.0,1 unidade
McDonald’s - Hot Chocolate with Nonfat Milk (Small),250.0,0.0,0.0,0.0,1 unidade
McDonald’s - Hot Chocolate with Nonfat Milk (Medium),310.0,0.0,0.0,0.0,1 unidade
McDonald’s - Hot Chocolate with Nonfat Milk (Large),390.0,0.0,0.0,0.0,1 unidade
McDonald’s - Iced Nonfat Latte (Small),50.0,0.0,0.0,0.0,1 unidade
McDonald’s - Iced Nonfat Latte (Medium),60.0,0.0,0.0,0.0,1 unidade
McDonald’s - Iced Nonfat Latte (Large),70.0,0.0,0.0,0.0,1 unidade
McDonald’s - Iced Nonfat Caramel Latte (Small),140.0,0.0,0.0,0.0,1 unidade
McDonald’s - Iced Nonfat Caramel Latte (Medium),150.0,0.0,0.0,0.0,1 unidade
McDonald’s - Iced Nonfat Caramel Latte (Large),190.0,0.0,0.0,0.0,1 unidade
McDonald’s - Iced Nonfat Hazelnut Latte (Small),140.0,0.0,0.0,0.0,1 unidade
McDonald’s - Iced Nonfat Hazelnut Latte (Medium),150.0,0.0,0.0,0.0,1 unidade
McDonald’s - Iced Nonfat Hazelnut Latte (Large),190.0,0.0,0.0,0.0,1 unidade
McDonald’s - Iced Nonfat Vanilla Latte (Small),140.0,0.0,0.0,0.0,1 unidade
McDonald’s - Iced Nonfat Vanilla Latte (Medium),150.0,0.0,0.0,0.0,1 unidade
McDonald’s - Iced Nonfat Vanilla Latte (Large),190.0,0.0,0.0,0.0,1 unidade
McDonald’s - Iced Nonfat Latte with Sugar Free Vanilla Syrup (Small),40.0,0.0,0.0,0.0,1 unidade
McDonald’s - Iced Nonfat Latte with Sugar Free Vanilla Syrup (Medium),50.0,0.0,0.0,0.0,1 unidade
McDonald’s - Iced Nonfat Latte with Sugar Free Vanilla Syrup (Large),60.0,0.0,0.0,0.0,1 unidade
McDonald’s - Iced Mocha with Nonfat Milk (Medium),270.0,0.0,0.0,0.0,1 unidade
McDonald’s - Iced Nonfat Caramel Mocha (Large),300.0,0.0,0.0,0.0,1 unidade
McDonald’s - Iced Nonfat Caramel Mocha (Medium),240.0,0.0,0.0,0.0,1 unidade
McDonald’s - Iced Nonfat Caramel Mocha (Small),200.0,0.0,0.0,0.0,1 unidade
McDonald’s - Nonfat Caramel Mocha (Large),280.0,0.0,0.0,0.0,1 unidade
McDonald’s - Nonfat Caramel Mocha (Medium),240.0,0.0,0.0,0.0,1 unidade
McDonald’s - Nonfat Caramel Mocha (Small),200.0,0.0,0.0,0.0,1 unidade
McDonald’s - Cappuccino (Small),120.0,0.0,0.0,0.0,1 unidade
McDonald’s - Cappuccino (Medium),140.0,0.0,0.0,0.0,1 unidade
McDonald’s - Cappuccino (Large),180.0,0.0,0.0,0.0,1 unidade
McDonald’s - Latte (Small),150.0,0.0,0.0,0.0,1 unidade
McDonald’s - Latte (Medium),180.0,0.0,0.0,0.0,1 unidade
McDonald’s - Latte (Large),210.0,0.0,0.0,0.0,1 unidade
McDonald’s - Caramel Cappuccino (Small),200.0,0.0,0.0,0.0,1 unidade
McDonald’s - Caramel Cappuccino (Medium),240.0,0.0,0.0,0.0,1 unidade
McDonald’s - Caramel Cappuccino (Large),290.0,0.0,0.0,0.0,1 unidade
McDonald’s - Caramel Latte (Small),230.0,0.0,0.0,0.0,1 unidade
McDonald’s - Caramel Latte (Medium),280.0,0.0,0.0,0.0,1 unidade
McDonald’s - Caramel Latte (Large),330.0,0.0,0.0,0.0,1 unidade
McDonald’s - Hazelnut Cappuccino (Small),200.0,0.0,0.0,0.0,1 unidade
McDonald’s - Hazelnut Cappuccino (Medium),240.0,0.0,0.0,0.0,1 unidade
McDonald’s - Hazelnut Cappuccino (Large),290.0,0.0,0.0,0.0,1 unidade
McDonald’s - Hazelnut Latte (Small),230.0,0.0,0.0,0.0,1 unidade
McDonald’s - Hazelnut Latte (Medium),280.0,0.0,0.0,0.0,1 unidade
McDonald’s - Hazelnut Latte (Large),330.0,0.0,0.0,0.0,1 unidade
McDonald’s - Vanilla Cappuccino (Small),200.0,0.0,0.0,0.0,1 unidade
McDonald’s - Vanilla Cappuccino (Medium),240.0,0.0,0.0,0.0,1 unidade
McDonald’s - Vanilla Cappuccino (Large),290.0,0.0,0.0,0.0,1 unidade
McDonald’s - Vanilla Latte (Small),230.0,0.0,0.0,0.0,1 unidade
McDonald’s - Vanilla Latte (Medium),280.0,0.0,0.0,0.0,1 unidade
McDonald’s - Vanilla Latte (Large),330.0,0.0,0.0,0.0,1 unidade
McDonald’s - Cappuccino with Sugar Free Vanilla Syrup (Small),100.0,0.0,0.0,0.0,1 unidade
McDonald’s - Cappuccino with Sugar Free Vanilla Syrup (Medium),120.0,0.0,0.0,0.0,1 unidade
McDonald’s - Cappuccino with Sugar Free Vanilla Syrup (Large),150.0,0.0,0.0,0.0,1 unidade
McDonald’s - Latte with Sugar Free Vanilla Syrup (Small),130.0,0.0,0.0,0.0,1 unidade
McDonald’s - Latte with Sugar Free Vanilla Syrup (Medium),160.0,0.0,0.0,0.0,1 unidade
McDonald’s - Latte with Sugar Free Vanilla Syrup (Large),180.0,0.0,0.0,0.0,1 unidade
McDonald’s - Mocha (Small),280.0,0.0,0.0,0.0,1 unidade
McDonald’s - Mocha (Medium),330.0,0.0,0.0,0.0,1 unidade
McDonald’s - Mocha (Large),400.0,0.0,0.0,0.0,1 unidade
McDonald’s - Hot Chocolate (Small),300.0,0.0,0.0,0.0,1 unidade
McDonald’s - Hot Chocolate (Medium),380.0,0.0,0.0,0.0,1 unidade
McDonald’s - Hot Chocolate (Large),460.0,0.0,0.0,0.0,1 unidade
McDonald’s - Iced Latte (Small),80.0,0.0,0.0,0.0,1 unidade
McDonald’s - Iced Latte (Medium),100.0,0.0,0.0,0.0,1 unidade
McDonald’s - Iced Latte (Large),140.0,0.0,0.0,0.0,1 unidade
McDonald’s - Iced Caramel Latte (Small),160.0,0.0,0.0,0.0,1 unidade
McDonald’s - Iced Caramel Latte (Medium),180.0,0.0,0.0,0.0,1 unidade
McDonald’s - Iced Caramel Latte (Large),230.0,0.0,0.0,0.0,1 unidade
McDonald’s - Iced Hazelnut Latte (Small),160.0,0.0,0.0,0.0,1 unidade
McDonald’s - Iced Hazelnut Latte (Medium),180.0,0.0,0.0,0.0,1 unidade
McDonald’s - Iced Hazelnut Latte (Large),230.0,0.0,0.0,0.0,1 unidade
McDonald’s - Iced Vanilla Latte (Small),160.0,0.0,0.0,0.0,1 unidade
McDonald’s - Iced Vanilla Latte (Medium),190.0,0.0,0.0,0.0,1 unidade
McDonald’s - Iced Vanilla Latte (Large),230.0,0.0,0.0,0.0,1 unidade
McDonald’s - Iced Latte with Sugar Free Vanilla Syrup (Small),60.0,0.0,0.0,0.0,1 unidade
McDonald’s - Iced Latte with Sugar Free Vanilla Syrup (Medium),90.0,0.0,0.0,0.0,1 unidade
McDonald’s - Iced Latte with Sugar Free Vanilla Syrup (Large),110.0,0.0,0.0,0.0,1 unidade
McDonald’s - Iced Mocha (Medium),310.0,0.0,0.0,0.0,1 unidade
McDonald’s - Caramel Mocha (Large),360.0,0.0,0.0,0.0,1 unidade
McDonald’s - Caramel Mocha (Medium),290.0,0.0,0.0,0.0,1 unidade
McDonald’s - Caramel Mocha (Small),250.0,0.0,0.0,0.0,1 unidade
McDonald’s - Iced Caramel Mocha (Large),380.0,0.0,0.0,0.0,1 unidade
McDonald’s - Iced Caramel Mocha (Medium),300.0,0.0,0.0,0.0,1 unidade
McDonald’s - Iced Caramel Mocha (Small),240.0,0.0,0.0,0.0,1 unidade
McDonald’s - Frappe Caramel (Small),450.0,0.0,0.0,0.0,1 unidade
McDonald’s - Frappe Caramel (Medium),550.0,0.0,0.0,0.0,1 unidade
McDonald’s - Frappe Caramel (Large),680.0,0.0,0.0,0.0,1 unidade
McDonald’s - Frappe Mocha (Small),450.0,0.0,0.0,0.0,1 unidade
McDonald’s - Frappe Mocha (Medium),560.0,0.0,0.0,0.0,1 unidade
McDonald’s - Frappe Mocha (Large),680.0,0.0,0.0,0.0,1 unidade
McDonald’s - Strawberry Banana Smoothie (Large),330.0,0.0,0.0,0.0,1 unidade
McDonald’s - Strawberry Banana Smoothie (Medium),260.0,0.0,0.0,0.0,1 unidade
McDonald’s - Strawberry Banana Smoothie (Small),210.0,0.0,0.0,0.0,1 unidade
McDonald’s - Wild Berry Smoothie (Large),320.0,0.0,0.0,0.0,1 unidade
McDonald’s - Wild Berry Smoothie (Medium),260.0,0.0,0.0,0.0,1 unidade
McDonald’s - Wild Berry Smoothie (Small),210.0,0.0,0.0,0.0,1 unidade
Burger King - Whopper® Sandwich,660.0,0.0,0.0,0.0,1 unidade
Burger King - Whopper® Sandwich with Cheese,740.0,0.0,0.0,0.0,1 unidade
Burger King - Bacon & Cheese Whopper® Sandwich,790.0,0.0,0.0,0.0,1 unidade
Burger King - Double Whopper® Sandwich,900.0,0.0,0.0,0.0,1 unidade
Burger King - Double Whopper® Sandwich with Cheese,980.0,0.0,0.0,0.0,1 unidade
Burger King - Triple Whopper® Sandwich,1130.0,0.0,0.0,0.0,1 unidade
Burger King - Triple Whopper® Sandwich with Cheese,1220.0,0.0,0.0,0.0,1 unidade
Burger King - Whopper JR.® Sandwich,310.0,0.0,0.0,0.0,1 unidade
Burger King - Bacon King Sandwich,1150.0,0.0,0.0,0.0,1 unidade
Burger King - Cheddar Bacon King Sandwich,1190.0,0.0,0.0,0.0,1 unidade
Burger King - Single Quarter Pound King Sandwich,580.0,0.0,0.0,0.0,1 unidade
Burger King - Double Quarter Pound King Sandwich,900.0,0.0,0.0,0.0,1 unidade
Burger King - Single Stacker King,700.0,0.0,0.0,0.0,1 unidade
Burger King - Double Stacker King,1050.0,0.0,0.0,0.0,1 unidade
Burger King - IMPOSSIBLE Whopper® Sandwich,630.0,0.0,0.0,0.0,1 unidade
Burger King - Hamburger,240.0,0.0,0.0,0.0,1 unidade
Burger King - Cheeseburger,280.0,0.0,0.0,0.0,1 unidade
Burger King - Double Hamburger,350.0,0.0,0.0,0.0,1 unidade
Burger King - Double Cheeseburger,390.0,0.0,0.0,0.0,1 unidade
Burger King - Extra Long Cheeseburger,630.0,0.0,0.0,0.0,1 unidade
Burger King - Bacon Cheeseburger,320.0,0.0,0.0,0.0,1 unidade
Burger King - Bacon Double Cheeseburger,420.0,0.0,0.0,0.0,1 unidade
Burger King - Crispy Chicken Sandwich,670.0,0.0,0.0,0.0,1 unidade
Burger King - Spicy Crispy Chicken Sandwich,700.0,0.0,0.0,0.0,1 unidade
Burger King - Original Chicken Sandwich,660.0,0.0,0.0,0.0,1 unidade
Burger King - Bacon & Cheese Crispy Chicken Sandwich,800.0,0.0,0.0,0.0,1 unidade
Burger King - BBQ Bacon Crispy Chicken Sandwich,790.0,0.0,0.0,0.0,1 unidade
Burger King - Crispy Chicken Jr.,450.0,0.0,0.0,0.0,1 unidade
Burger King - Spicy Crispy Chicken Jr.,390.0,0.0,0.0,0.0,1 unidade
Burger King - Chicken Nuggets- 4pc,170.0,0.0,0.0,0.0,1 unidade
Burger King - Chicken Nuggets- 6pc,260.0,0.0,0.0,0.0,1 unidade
Burger King - Chicken Nuggets- 10pc,430.0,0.0,0.0,0.0,1 unidade
Burger King - Chicken Nuggets- 20pc,860.0,0.0,0.0,0.0,1 unidade
Burger King - Spicy Chicken Nuggets- 4pc,210.0,0.0,0.0,0.0,1 unidade
Burger King - Spicy Chicken Nuggets- 6pc,320.0,0.0,0.0,0.0,1 unidade
Burger King - Spicy Chicken Nuggets- 10 pc,530.0,0.0,0.0,0.0,1 unidade
Burger King - Spicy Chicken Nuggets- 20 pc,1050.0,0.0,0.0,0.0,1 unidade
Burger King - Chicken Fries – 9 pc.,280.0,0.0,0.0,0.0,1 unidade
Burger King - Crispy Taco,170.0,0.0,0.0,0.0,1 unidade
Burger King - BIG FISH Sandwich,510.0,0.0,0.0,0.0,1 unidade
Burger King - Garden Chicken Salad with Crispy Chicken – no dressing,440.0,0.0,0.0,0.0,1 unidade
Burger King - Club Salad with Crispy Chicken – no dressing,540.0,0.0,0.0,0.0,1 unidade
Burger King - Garden Side Salad – w/o dressing,60.0,0.0,0.0,0.0,1 unidade
Burger King - Ken’s Ranch Dressing,260.0,0.0,0.0,0.0,1 unidade
Burger King - Ken’s Golden Italian Dressing,160.0,0.0,0.0,0.0,1 unidade
Burger King - Ken’s Lite Honey Balsamic Vinaigrette,120.0,0.0,0.0,0.0,1 unidade
Burger King - Buttery Garlic Croutons- Packet,60.0,0.0,0.0,0.0,1 unidade
Burger King - Onion Rings – value,150.0,0.0,0.0,0.0,1 unidade
Burger King - Onion Rings – small,320.0,0.0,0.0,0.0,1 unidade
Burger King - Onion Rings – medium,410.0,0.0,0.0,0.0,1 unidade
Burger King - Onion Rings – large,500.0,0.0,0.0,0.0,1 unidade
Burger King - French Fries – value (unsalted),220.0,0.0,0.0,0.0,1 unidade
Burger King - French Fries – small,320.0,0.0,0.0,0.0,1 unidade
Burger King - French Fries – medium,380.0,0.0,0.0,0.0,1 unidade
Burger King - French Fries – large,430.0,0.0,0.0,0.0,1 unidade
Burger King - Kids Oatmeal,170.0,0.0,0.0,0.0,1 unidade
Burger King - Mott’s® Natural Applesauce,50.0,0.0,0.0,0.0,1 unidade
Burger King - Fat FREE Milk (8 fl oz),90.0,0.0,0.0,0.0,1 unidade
Burger King - 1% Low Fat Chocolate Milk (8 fl oz),160.0,0.0,0.0,0.0,1 unidade
Burger King - Capri Sun® 100% Apple Juice (6 fl oz),80.0,0.0,0.0,0.0,1 unidade
Burger King - PB&J Jamwich,300.0,0.0,0.0,0.0,1 unidade
Burger King - Soft Serve Cone,190.0,0.0,0.0,0.0,1 unidade
Burger King - Dutch Apple Pie,340.0,0.0,0.0,0.0,1 unidade
Burger King - HERSHEY®’S Sundae Pie,310.0,0.0,0.0,0.0,1 unidade
Burger King - Pie made with TWIX®,370.0,0.0,0.0,0.0,1 unidade
Burger King - OREO® Cookie Cheesecake,350.0,0.0,0.0,0.0,1 unidade
Burger King - Soft Serve Cup,170.0,0.0,0.0,0.0,1 unidade
Burger King - HERSHEY®’s Chocolate Sundae,260.0,0.0,0.0,0.0,1 unidade
Burger King - Caramel Sundae,240.0,0.0,0.0,0.0,1 unidade
Burger King - Chocolate Chip Cookies (each),160.0,0.0,0.0,0.0,1 unidade
Burger King - CROISSAN’WICH® Egg & Cheese,340.0,0.0,0.0,0.0,1 unidade
"Burger King - CROISSAN’WICH® Sausage, Egg & Cheese",500.0,0.0,0.0,0.0,1 unidade
"Burger King - CROISSAN’WICH® Ham, Egg & Cheese",370.0,0.0,0.0,0.0,1 unidade
"Burger King - CROISSAN’WICH® Bacon, Egg & Cheese",370.0,0.0,0.0,0.0,1 unidade
Burger King - Fully Loaded CROISSAN’WICH®,610.0,0.0,0.0,0.0,1 unidade
Burger King - Double CROISSAN’WICH® with Sausage & Bacon,580.0,0.0,0.0,0.0,1 unidade
Burger King - Double CROISSAN’WICH® with Sausage,710.0,0.0,0.0,0.0,1 unidade
Burger King - Double CROISSAN’WICH® with Ham & Sausage,580.0,0.0,0.0,0.0,1 unidade
Burger King - Fully Loaded Biscuit,640.0,0.0,0.0,0.0,1 unidade
"Burger King - Ham, Egg, & Cheese Biscuit",400.0,0.0,0.0,0.0,1 unidade
"Burger King - Sausage, Egg, & Cheese Biscuit",530.0,0.0,0.0,0.0,1 unidade
"Burger King - Bacon, Egg & Cheese Biscuit",400.0,0.0,0.0,0.0,1 unidade
Burger King - Sausage Biscuit,420.0,0.0,0.0,0.0,1 unidade
Burger King - Breakfast Burrito Jr.,370.0,0.0,0.0,0.0,1 unidade
Burger King - EGG-NORMOUS BURRITOΡ,780.0,0.0,0.0,0.0,1 unidade
Burger King - BK™ Ultimate Breakfast Platter,930.0,0.0,0.0,0.0,1 unidade
Burger King - NY Ultimate Platter (Regional menu item),900.0,0.0,0.0,0.0,1 unidade
Burger King - Pancake and Sausage platter,610.0,0.0,0.0,0.0,1 unidade
Burger King - Hash Browns – small,250.0,0.0,0.0,0.0,1 unidade
Burger King - Hash Browns – medium,500.0,0.0,0.0,0.0,1 unidade
Burger King - Hash Browns – large,670.0,0.0,0.0,0.0,1 unidade
Burger King - French Toast Sticks (3 piece),230.0,0.0,0.0,0.0,1 unidade
Burger King - French Toast Sticks (5 piece),380.0,0.0,0.0,0.0,1 unidade
Burger King - American Cheese (slice),40.0,0.0,0.0,0.0,1 unidade
Burger King - Ketchup (Packet),10.0,0.0,0.0,0.0,1 unidade
Burger King - Mayonnaise (Packet),80.0,0.0,0.0,0.0,1 unidade
Burger King - Strawberry or Grape Jam (packet),30.0,0.0,0.0,0.0,1 unidade
Burger King - Breakfast Syrup (1 oz),120.0,0.0,0.0,0.0,1 unidade
Burger King - Barbecue Dipping Sauce (1 oz),40.0,0.0,0.0,0.0,1 unidade
Burger King - Ranch Dipping Sauce (1 oz),140.0,0.0,0.0,0.0,1 unidade
Burger King - Buffalo Dipping Sauce (1 oz),80.0,0.0,0.0,0.0,1 unidade
Burger King - Zesty Onion Ring Dipping Sauce (1 oz),150.0,0.0,0.0,0.0,1 unidade
Burger King - Honey Mustard Dipping Sauce (1oz),90.0,0.0,0.0,0.0,1 unidade
Burger King - Smoothie: Strawberry Banana 16 fl oz,310.0,0.0,0.0,0.0,1 unidade
Burger King - Oreo® Shake,720.0,0.0,0.0,0.0,1 unidade
Burger King - Chocolate Oreo® Shake,740.0,0.0,0.0,0.0,1 unidade
Burger King - Vanilla Milk Shake,580.0,0.0,0.0,0.0,1 unidade
Burger King - HERSHEY®’S Chocolate Milk Shake,610.0,0.0,0.0,0.0,1 unidade
Burger King - Strawberry Milk Shake,640.0,0.0,0.0,0.0,1 unidade
Burger King - 16 fl oz,210.0,0.0,0.0,0.0,1 unidade
Burger King - 20 fl oz,270.0,0.0,0.0,0.0,1 unidade
Burger King - 29 fl oz,290.0,0.0,0.0,0.0,1 unidade
Burger King - 38 fl oz,510.0,0.0,0.0,0.0,1 unidade
Burger King - 40 fl oz,240.0,0.0,0.0,0.0,1 unidade
Burger King - Capri Sun® 100% Apple Juice,80.0,0.0,0.0,0.0,1 unidade
Burger King - Minute Maid® Orange Juice,140.0,0.0,0.0,0.0,1 unidade
Burger King - Frozen Coke® – 16 oz,130.0,0.0,0.0,0.0,1 unidade
Burger King - BK® Café Iced Vanilla Coffee- 12 fl oz,150.0,0.0,0.0,0.0,1 unidade
Burger King - BK® Café Iced Vanilla Coffee- 16 fl oz,200.0,0.0,0.0,0.0,1 unidade
Burger King - BK® Café Iced Vanilla Coffee- 20 fl oz,260.0,0.0,0.0,0.0,1 unidade
Burger King - BK® Café Iced Mocha Coffee- 12 fl oz,180.0,0.0,0.0,0.0,1 unidade
Burger King - BK® Café Iced Mocha Coffee- 16 fl oz,240.0,0.0,0.0,0.0,1 unidade
Burger King - BK® Café Iced Mocha Coffee- 20 fl oz,300.0,0.0,0.0,0.0,1 unidade
Burger King - BK® Café Mocha Frappe- 12 fl oz,300.0,0.0,0.0,0.0,1 unidade
Burger King - BK® Café Mocha Frappe- 16 fl oz,400.0,0.0,0.0,0.0,1 unidade
Burger King - BK® Café Mocha Frappe- 20 fl oz,510.0,0.0,0.0,0.0,1 unidade
Burger King - BK® Café Caramel Frappe- 12 fl oz,300.0,0.0,0.0,0.0,1 unidade
Burger King - BK® Café Caramel Frappe- 16 fl oz,400.0,0.0,0.0,0.0,1 unidade
Burger King - BK® Café Caramel Frappe- 20 fl oz,500.0,0.0,0.0,0.0,1 unidade
Wendy’s - Baconator,950.0,0.0,0.0,0.0,1 unidade
Wendy’s - Dave’s Double,810.0,0.0,0.0,0.0,1 unidade
Wendy’s - Dave’s Single,570.0,0.0,0.0,0.0,1 unidade
Wendy’s - Dave’s Triple,1090.0,0.0,0.0,0.0,1 unidade
Wendy’s - Double Stack,390.0,0.0,0.0,0.0,1 unidade
Wendy’s - Jr. Bacon Cheeseburger,380.0,0.0,0.0,0.0,1 unidade
Wendy’s - Jr. Cheeseburger,280.0,0.0,0.0,0.0,1 unidade
Wendy’s - Jr. Cheeseburger Deluxe,340.0,0.0,0.0,0.0,1 unidade
Wendy’s - Son of Baconator,630.0,0.0,0.0,0.0,1 unidade
Wendy’s - 3 Piece Chicken Tenders,330.0,0.0,0.0,0.0,1 unidade
Wendy’s - 4 Piece Chicken Nuggets,170.0,0.0,0.0,0.0,1 unidade
Wendy’s - 4 Piece Chicken Tenders,430.0,0.0,0.0,0.0,1 unidade
Wendy’s - 6 Picece Chicken Nuggets,250.0,0.0,0.0,0.0,1 unidade
Wendy’s - 6 Piece Chicken Tenders,650.0,0.0,0.0,0.0,1 unidade
Wendy’s - 10 Piece Chicken Nuggets,420.0,0.0,0.0,0.0,1 unidade
Wendy’s - Crispy Chicken BLT,420.0,0.0,0.0,0.0,1 unidade
Wendy’s - Crispy Chicken Sandwich,330.0,0.0,0.0,0.0,1 unidade
Wendy’s - Grilled Asiago Ranch Club,530.0,0.0,0.0,0.0,1 unidade
Wendy’s - Grilled Chicken Sandwich,370.0,0.0,0.0,0.0,1 unidade
Wendy’s - Grilled Chicken Wrap,270.0,0.0,0.0,0.0,1 unidade
Wendy’s - Homestyle Asiago Ranch Chicken Club,660.0,0.0,0.0,0.0,1 unidade
Wendy’s - Homestyle Chicken Sandwich,510.0,0.0,0.0,0.0,1 unidade
Wendy’s - S’Awesome Sauce,120.0,0.0,0.0,0.0,1 unidade
Wendy’s - Spicy Asiago Ranch Club,670.0,0.0,0.0,0.0,1 unidade
Wendy’s - Spicy Chicken Sandwich,510.0,0.0,0.0,0.0,1 unidade
Wendy’s - Spicy Chicken Wrap,370.0,0.0,0.0,0.0,1 unidade
"Wendy’s - Apple Pecan Chicken Salad, Full Size",560.0,0.0,0.0,0.0,1 unidade
"Wendy’s - Apple Pecan Chicken Salad, Half Size",340.0,0.0,0.0,0.0,1 unidade
"Wendy’s - Berry Burst Chicken Salad, Full Size",460.0,0.0,0.0,0.0,1 unidade
"Wendy’s - Berry Burst Chicken Salad, Half Size",290.0,0.0,0.0,0.0,1 unidade
Wendy’s - Caesar Side Salad,240.0,0.0,0.0,0.0,1 unidade
Wendy’s - Garden Side Salad,250.0,0.0,0.0,0.0,1 unidade
"Wendy’s - Southwest Avocado Chicken Salad, Full Size",600.0,0.0,0.0,0.0,1 unidade
"Wendy’s - Southwest Avocado Chicken Salad, Half Size",300.0,0.0,0.0,0.0,1 unidade
"Wendy’s - Spicy Caesar Chicken Salad, Full Size",720.0,0.0,0.0,0.0,1 unidade
"Wendy’s - Spicy Caesar Chicken Salad, Half Size",410.0,0.0,0.0,0.0,1 unidade
"Wendy’s - Taco Salad, Full Size",660.0,0.0,0.0,0.0,1 unidade
"Wendy’s - Taco Salad, Half Size",470.0,0.0,0.0,0.0,1 unidade
Wendy’s - Apple Bites,35.0,0.0,0.0,0.0,1 unidade
Wendy’s - Baconator Fries,490.0,0.0,0.0,0.0,1 unidade
Wendy’s - Bacon Cheese Baked Potato,440.0,0.0,0.0,0.0,1 unidade
Wendy’s - Cheese Baked Potato,430.0,0.0,0.0,0.0,1 unidade
Wendy’s - Chili & Cheese Baked Potato,460.0,0.0,0.0,0.0,1 unidade
"Wendy’s - Chili, Large",250.0,0.0,0.0,0.0,1 unidade
"Wendy’s - Chili, Small",170.0,0.0,0.0,0.0,1 unidade
Wendy’s - Chili Cheese Fries,500.0,0.0,0.0,0.0,1 unidade
"Wendy’s - Natural-Cut Fries, Junior",230.0,0.0,0.0,0.0,1 unidade
"Wendy’s - Natural-Cut Fries, Large",530.0,0.0,0.0,0.0,1 unidade
"Wendy’s - Natural-Cut Fries, Medium",420.0,0.0,0.0,0.0,1 unidade
"Wendy’s - Natural-Cut Fries, Small",320.0,0.0,0.0,0.0,1 unidade
Wendy’s - Plain Baked Potato,270.0,0.0,0.0,0.0,1 unidade
Wendy’s - Sour Cream and Chive Baked Potato,310.0,0.0,0.0,0.0,1 unidade
Wendy’s - Summer Berry Burst Fruit Cup,20.0,0.0,0.0,0.0,1 unidade
Wendy’s - 1% Chocolate Milk,150.0,0.0,0.0,0.0,1 unidade
Wendy’s - 1% White Milk,90.0,0.0,0.0,0.0,1 unidade
"Wendy’s - All-Natural Lemonade, Large",380.0,0.0,0.0,0.0,1 unidade
"Wendy’s - All-Natural Lemonade, Medium",330.0,0.0,0.0,0.0,1 unidade
"Wendy’s - All-Natural Lemonade, Small",190.0,0.0,0.0,0.0,1 unidade
"Wendy’s - Apple Kiwi Fruit Tea, Large",330.0,0.0,0.0,0.0,1 unidade
"Wendy’s - Apple Kiwi Fruit Tea, Medium",300.0,0.0,0.0,0.0,1 unidade
"Wendy’s - Apple Kiwi Fruit Tea, Small",170.0,0.0,0.0,0.0,1 unidade
"Wendy’s - Barq’s Root Beer, Large",450.0,0.0,0.0,0.0,1 unidade
"Wendy’s - Barq’s Root Beer, Medium",360.0,0.0,0.0,0.0,1 unidade
"Wendy’s - Barq’s Root Beer, Small",220.0,0.0,0.0,0.0,1 unidade
"Wendy’s - Brewed Unsweetened Iced Tea, Large",5.0,0.0,0.0,0.0,1 unidade
"Wendy’s - Caramel Iced Coffee, Medium",240.0,0.0,0.0,0.0,1 unidade
"Wendy’s - Caramel Iced Coffee, Small",160.0,0.0,0.0,0.0,1 unidade
"Wendy’s - Coca-Cola, Large",400.0,0.0,0.0,0.0,1 unidade
"Wendy’s - Coca-Cola, Medium",320.0,0.0,0.0,0.0,1 unidade
"Wendy’s - Coca-Cola, Small",200.0,0.0,0.0,0.0,1 unidade
"Wendy’s - Dr Pepper, Large",240.0,0.0,0.0,0.0,1 unidade
"Wendy’s - Dr Pepper, Medium",190.0,0.0,0.0,0.0,1 unidade
"Wendy’s - Dr Pepper, Small",120.0,0.0,0.0,0.0,1 unidade
"Wendy’s - Fanta Orange, Large",430.0,0.0,0.0,0.0,1 unidade
"Wendy’s - Fanta Orange, Medium",340.0,0.0,0.0,0.0,1 unidade
"Wendy’s - Fanta Orange, Small",210.0,0.0,0.0,0.0,1 unidade
"Wendy’s - Hi-C Flashin’ Fruit Punch, Large",420.0,0.0,0.0,0.0,1 unidade
"Wendy’s - Hi-C Flashin’ Fruit Punch, Medium",340.0,0.0,0.0,0.0,1 unidade
"Wendy’s - Hi-C Flashin’ Fruit Punch, Small",210.0,0.0,0.0,0.0,1 unidade
"Wendy’s - Honest Tropical Green Tea, Large",110.0,0.0,0.0,0.0,1 unidade
"Wendy’s - Honest Tropical Green Tea, Medium",90.0,0.0,0.0,0.0,1 unidade
"Wendy’s - Honest Tropical Green Tea, Small",60.0,0.0,0.0,0.0,1 unidade
"Wendy’s - Limeade, Large",460.0,0.0,0.0,0.0,1 unidade
"Wendy’s - Limeade, Medium",380.0,0.0,0.0,0.0,1 unidade
"Wendy’s - Limeade, Small",230.0,0.0,0.0,0.0,1 unidade
"Wendy’s - Minute Maid Light Lemonade, Large",15.0,0.0,0.0,0.0,1 unidade
"Wendy’s - Minute Maid Light Lemonade, Medium",10.0,0.0,0.0,0.0,1 unidade
"Wendy’s - Minute Maid Light Lemonade, Small",5.0,0.0,0.0,0.0,1 unidade
"Wendy’s - Mocha Iced Coffee, Medium",210.0,0.0,0.0,0.0,1 unidade
"Wendy’s - Mocha Iced Coffee, Small",170.0,0.0,0.0,0.0,1 unidade
"Wendy’s - Pear Berry Fruit Tea, Large",320.0,0.0,0.0,0.0,1 unidade
"Wendy’s - Pear Berry Fruit Tea, Medium",300.0,0.0,0.0,0.0,1 unidade
"Wendy’s - Pear Berry Fruit Tea, Small",170.0,0.0,0.0,0.0,1 unidade
"Wendy’s - Skinny Vanilla Iced Coffee, Medium",100.0,0.0,0.0,0.0,1 unidade
"Wendy’s - Skinny Vanilla Iced Coffee, Small",70.0,0.0,0.0,0.0,1 unidade
"Wendy’s - Small Sprite, Small",200.0,0.0,0.0,0.0,1 unidade
"Wendy’s - Sprite, Large",390.0,0.0,0.0,0.0,1 unidade
"Wendy’s - Sprite, Medium",310.0,0.0,0.0,0.0,1 unidade
"Wendy’s - Strawberry Lemonade, Large",480.0,0.0,0.0,0.0,1 unidade
"Wendy’s - Strawberry Lemonade, Medium",380.0,0.0,0.0,0.0,1 unidade
"Wendy’s - Strawberry Lemonade, Small",230.0,0.0,0.0,0.0,1 unidade
"Wendy’s - Strawberry Sweet Tea, Large",270.0,0.0,0.0,0.0,1 unidade
"Wendy’s - Strawberry Sweet Tea, Medium",240.0,0.0,0.0,0.0,1 unidade
"Wendy’s - Strawberry Sweet Tea, Small",140.0,0.0,0.0,0.0,1 unidade
"Wendy’s - Strawberry Tea, Large",90.0,0.0,0.0,0.0,1 unidade
"Wendy’s - Strawberry Tea, Medium",60.0,0.0,0.0,0.0,1 unidade
"Wendy’s - Strawberry Tea, Small",45.0,0.0,0.0,0.0,1 unidade
"Wendy’s - Sweetened Iced Tea, Large",300.0,0.0,0.0,0.0,1 unidade
"Wendy’s - Sweetened Iced Tea, Medium",220.0,0.0,0.0,0.0,1 unidade
"Wendy’s - Sweetened Iced Tea, Small",160.0,0.0,0.0,0.0,1 unidade
"Wendy’s - Vanilla Iced Coffee, Medium",250.0,0.0,0.0,0.0,1 unidade
"Wendy’s - Vanilla Iced Coffee, Small",170.0,0.0,0.0,0.0,1 unidade
"Wendy’s - Classic Chocolate Frosty, Junior",200.0,0.0,0.0,0.0,1 unidade
"Wendy’s - Classic Chocolate Frosty, Large",590.0,0.0,0.0,0.0,1 unidade
"Wendy’s - Classic Chocolate Frosty, Medium",470.0,0.0,0.0,0.0,1 unidade
"Wendy’s - Classic Chocolate Frosty, Small",350.0,0.0,0.0,0.0,1 unidade
"Wendy’s - Vanilla Frosty, Junior",190.0,0.0,0.0,0.0,1 unidade
"Wendy’s - Vanilla Frosty, Large",570.0,0.0,0.0,0.0,1 unidade
"Wendy’s - Vanilla Frosty, Medium",450.0,0.0,0.0,0.0,1 unidade
"Wendy’s - Vanilla Frosty, Small",340.0,0.0,0.0,0.0,1 unidade
Wendy’s - Chocolate Chunk Cookie,310.0,0.0,0.0,0.0,1 unidade
Wendy’s - Double Chocolate Chunk Cookie,290.0,0.0,0.0,0.0,1 unidade
Wendy’s - Sugar Cookie,330.0,0.0,0.0,0.0,1 unidade
Wendy’s - Kids 2 Piece Chicken Tenders,200.0,0.0,0.0,0.0,1 unidade
Wendy’s - Kids 4 Piece Chicken Nuggets,170.0,0.0,0.0,0.0,1 unidade
Wendy’s - Kids Cheeseburger,280.0,0.0,0.0,0.0,1 unidade
Wendy’s - Kids Grilled Chicken Wrap,270.0,0.0,0.0,0.0,1 unidade
Wendy’s - Kids Hamburger,240.0,0.0,0.0,0.0,1 unidade
Wendy’s - Artisan Egg Sandwich with Bacon,320.0,0.0,0.0,0.0,1 unidade
Wendy’s - Artisan Egg Sandwich with Sausage,480.0,0.0,0.0,0.0,1 unidade
Wendy’s - Bacon Breakfast Bowl,510.0,0.0,0.0,0.0,1 unidade
Wendy’s - Biggie Breakfast Sandwich,610.0,0.0,0.0,0.0,1 unidade
Wendy’s - Fresh-Baked Biscuit with Applewood Smoked Bacon,410.0,0.0,0.0,0.0,1 unidade
Wendy’s - Fresh Baked Biscuit with Natural Sausage,590.0,0.0,0.0,0.0,1 unidade
Wendy’s - Gravy and Sausage Bowl,450.0,0.0,0.0,0.0,1 unidade
Wendy’s - Honey Butter Chicken Biscuit,500.0,0.0,0.0,0.0,1 unidade
Wendy’s - Sausage and Egg Burrito,360.0,0.0,0.0,0.0,1 unidade
Wendy’s - Sausage and Gravy Biscuit,490.0,0.0,0.0,0.0,1 unidade
Wendy’s - Sausage Biscuit,480.0,0.0,0.0,0.0,1 unidade
Wendy’s - Sausage Breakfast Bowl,640.0,0.0,0.0,0.0,1 unidade
"Wendy’s - Seasoned Home-Style Potatoes, Large",360.0,0.0,0.0,0.0,1 unidade
"Wendy’s - Seasoned Home-Style Potatoes, Medium",250.0,0.0,0.0,0.0,1 unidade
"Wendy’s - Seasoned Home-Style Potatoes, Small",230.0,0.0,0.0,0.0,1 unidade
Wendy’s - Two Sausage and Egg Burritos,720.0,0.0,0.0,0.0,1 unidade
Wendy’s - Two Sausage Biscuits,960.0,0.0,0.0,0.0,1 unidade
KFC - Limited Time Cinnabon Dessert  Biscuits,290.0,0.0,0.0,0.0,1 unidade
KFC - Limited Time ORIGINAL RECIPE CHICKEN Chicken Breast,390.0,0.0,0.0,0.0,1 unidade
KFC - Limited Time ORIGINAL RECIPE CHICKEN Chicken Limited Time Drumstick,130.0,0.0,0.0,0.0,1 unidade
KFC - Limited Time ORIGINAL RECIPE CHICKEN Chicken Thigh,280.0,0.0,0.0,0.0,1 unidade
KFC - Limited Time ORIGINAL RECIPE CHICKEN Chicken Whole Wing,130.0,0.0,0.0,0.0,1 unidade
KFC - Chicken Breast,770.0,0.0,0.0,0.0,1 unidade
KFC - Chicken Drumstick,250.0,0.0,0.0,0.0,1 unidade
KFC - Chicken Thigh,500.0,0.0,0.0,0.0,1 unidade
KFC - Chicken Whole Wing,290.0,0.0,0.0,0.0,1 unidade
KFC - Breast,260.0,0.0,0.0,0.0,1 unidade
KFC - Drumstick,100.0,0.0,0.0,0.0,1 unidade
KFC - Thigh,180.0,0.0,0.0,0.0,1 unidade
KFC - Whole Wing,90.0,0.0,0.0,0.0,1 unidade
KFC - EXTRA CRISPY  Chicken Breast,530.0,0.0,0.0,0.0,1 unidade
KFC - EXTRA CRISPY  Chicken Drumstick,170.0,0.0,0.0,0.0,1 unidade
KFC - EXTRA CRISPY  Chicken Thigh,330.0,0.0,0.0,0.0,1 unidade
KFC - EXTRA CRISPY  Chicken Whole Wing,170.0,0.0,0.0,0.0,1 unidade
KFC - KENTUCKY GRILLED CHICKEN Breast,210.0,0.0,0.0,0.0,1 unidade
KFC - KENTUCKY GRILLED CHICKEN Drumstick,80.0,0.0,0.0,0.0,1 unidade
KFC - KENTUCKY GRILLED CHICKEN Thigh,150.0,0.0,0.0,0.0,1 unidade
KFC - KENTUCKY GRILLED CHICKEN Whole Wing,70.0,0.0,0.0,0.0,1 unidade
KFC - SPICY CRISPY CHICKEN Breast,350.0,0.0,0.0,0.0,1 unidade
KFC - SPICY CRISPY CHICKEN Drumstick,130.0,0.0,0.0,0.0,1 unidade
KFC - SPICY CRISPY CHICKEN Thigh,270.0,0.0,0.0,0.0,1 unidade
KFC - SPICY CRISPY CHICKEN Whole Wing,120.0,0.0,0.0,0.0,1 unidade
KFC - EXTRA CRISPY  Tender (each),260.0,0.0,0.0,0.0,1 unidade
KFC - KENTUCKY FRIED WINGS Buffalo,100.0,0.0,0.0,0.0,1 unidade
KFC - KENTUCKY FRIED WINGS Honey BBQ,100.0,0.0,0.0,0.0,1 unidade
KFC - KENTUCKY FRIED WINGS Nashville Hot,130.0,0.0,0.0,0.0,1 unidade
KFC - KENTUCKY FRIED WINGS Unsauced,80.0,0.0,0.0,0.0,1 unidade
KFC - POPCORN NUGGETS Kids,290.0,0.0,0.0,0.0,1 unidade
KFC - POPCORN NUGGETS Large,620.0,0.0,0.0,0.0,1 unidade
KFC - BBQ Baked Beans,190.0,0.0,0.0,0.0,1 unidade
KFC - Biscuit,180.0,0.0,0.0,0.0,1 unidade
KFC - Coleslaw,170.0,0.0,0.0,0.0,1 unidade
KFC - Corn on the Cob,70.0,0.0,0.0,0.0,1 unidade
KFC - Green Beans,25.0,0.0,0.0,0.0,1 unidade
KFC - KFC® Cornbread Muffin,210.0,0.0,0.0,0.0,1 unidade
KFC - Macaroni & Cheese,140.0,0.0,0.0,0.0,1 unidade
KFC - Macaroni Salad,140.0,0.0,0.0,0.0,1 unidade
KFC - Mashed Potatoes,110.0,0.0,0.0,0.0,1 unidade
KFC - Mashed Potatoes With Gravy,130.0,0.0,0.0,0.0,1 unidade
KFC - Potato Salad,340.0,0.0,0.0,0.0,1 unidade
KFC - Secret Recipe Fries,320.0,0.0,0.0,0.0,1 unidade
KFC - Sweet Kernel Corn,70.0,0.0,0.0,0.0,1 unidade
KFC - BBQ Baked Beans (Family),830.0,0.0,0.0,0.0,1 unidade
KFC - Coleslaw (Family),640.0,0.0,0.0,0.0,1 unidade
KFC - Corn on the Cob (Family),280.0,0.0,0.0,0.0,1 unidade
KFC - Green Beans (Family),80.0,0.0,0.0,0.0,1 unidade
KFC - Macaroni & Cheese (Family),540.0,0.0,0.0,0.0,1 unidade
KFC - Macaroni Salad (Family),480.0,0.0,0.0,0.0,1 unidade
KFC - Mashed Potatoes (Family),460.0,0.0,0.0,0.0,1 unidade
KFC - Mashed Potatoes With Gravy (Family),590.0,0.0,0.0,0.0,1 unidade
KFC - Potato Salad (Family),1200.0,0.0,0.0,0.0,1 unidade
KFC - Secret Recipe Fries (Family),840.0,0.0,0.0,0.0,1 unidade
KFC - Sweet Kernel Corn (Family),280.0,0.0,0.0,0.0,1 unidade
KFC - Chicken Littles,300.0,0.0,0.0,0.0,1 unidade
KFC - Chicken Littles – Buffalo,310.0,0.0,0.0,0.0,1 unidade
KFC - Chicken Littles – Honey BBQ,320.0,0.0,0.0,0.0,1 unidade
KFC - Chicken Littles – Nashville Hot,340.0,0.0,0.0,0.0,1 unidade
KFC - Classic Chicken Sandwich,650.0,0.0,0.0,0.0,1 unidade
KFC - Crispy Colonel’s Sandwich,470.0,0.0,0.0,0.0,1 unidade
KFC - Crispy Colonel’s Sandwich – Buffalo,500.0,0.0,0.0,0.0,1 unidade
KFC - Crispy Colonel’s Sandwich – Honey BBQ,510.0,0.0,0.0,0.0,1 unidade
KFC - Crispy Colonel’s Sandwich – Nashville Hot,540.0,0.0,0.0,0.0,1 unidade
KFC - Crispy Twister®,630.0,0.0,0.0,0.0,1 unidade
KFC - Honey BBQ Sandwich,350.0,0.0,0.0,0.0,1 unidade
KFC - Spicy Chicken Sandwich,620.0,0.0,0.0,0.0,1 unidade
KFC - Chicken Pot Pie,720.0,0.0,0.0,0.0,1 unidade
KFC - KFC® Famous Bowl,740.0,0.0,0.0,0.0,1 unidade
KFC - KFC® Famous Bowl – Snack Size,270.0,0.0,0.0,0.0,1 unidade
KFC - Caesar Side Salad,40.0,0.0,0.0,0.0,1 unidade
KFC - House Side Salad,15.0,0.0,0.0,0.0,1 unidade
KFC - Heinz Buttermilk Dressing,160.0,0.0,0.0,0.0,1 unidade
KFC - Hidden Valley The Original Ranch Fat Free Dressing,35.0,0.0,0.0,0.0,1 unidade
KFC - KFC® Creamy Parmesan Caesar Dressing,260.0,0.0,0.0,0.0,1 unidade
KFC - Marzetti Light Italian Dressing,15.0,0.0,0.0,0.0,1 unidade
KFC - Parmesan Garlic Croutons,60.0,0.0,0.0,0.0,1 unidade
KFC - Apple Turnover,230.0,0.0,0.0,0.0,1 unidade
KFC - Café Valley Chocolate Chip Cake (1 Slice),300.0,0.0,0.0,0.0,1 unidade
KFC - Café Valley Lemon Cake (1 Slice),220.0,0.0,0.0,0.0,1 unidade
KFC - Café Valley Mini Chocolate Chip Cake,300.0,0.0,0.0,0.0,1 unidade
KFC - Café Valley Mini Lemon Cake,300.0,0.0,0.0,0.0,1 unidade
KFC - Chocolate Chip Cookie,120.0,0.0,0.0,0.0,1 unidade
KFC - Oreo Cookies and Crème Pie,270.0,0.0,0.0,0.0,1 unidade
KFC - Reese’s Peanut Butter Pie,300.0,0.0,0.0,0.0,1 unidade
KFC - BBQ – Dipping Sauce Cup,45.0,0.0,0.0,0.0,1 unidade
KFC - Colonel’s Buttery Spread,35.0,0.0,0.0,0.0,1 unidade
KFC - Grape Jelly Packet,35.0,0.0,0.0,0.0,1 unidade
KFC - Honey Mustard – Dipping Sauce Cup,110.0,0.0,0.0,0.0,1 unidade
KFC - Honey Sauce Packet,30.0,0.0,0.0,0.0,1 unidade
KFC - Ketchup,30.0,0.0,0.0,0.0,1 unidade
KFC - KFC Sauce – Dipping Sauce Cup,90.0,0.0,0.0,0.0,1 unidade
KFC - Lemon Juice Packet,5.0,0.0,0.0,0.0,1 unidade
KFC - Ranch – Dipping Sauce Cup,130.0,0.0,0.0,0.0,1 unidade
KFC - Strawberry Jam Packet,35.0,0.0,0.0,0.0,1 unidade
KFC - Capri Sun® 100% Juice Fruit Punch,80.0,0.0,0.0,0.0,1 unidade
KFC - Chocolate Milk 1%,150.0,0.0,0.0,0.0,1 unidade
KFC - Milk 1%,90.0,0.0,0.0,0.0,1 unidade
KFC - Musselman’s™ Applesauce,45.0,0.0,0.0,0.0,1 unidade
KFC - 7UP® (12 fl oz),140.0,0.0,0.0,0.0,1 unidade
KFC - 7UP® (16 fl oz),190.0,0.0,0.0,0.0,1 unidade
KFC - 7UP® (20 fl oz),240.0,0.0,0.0,0.0,1 unidade
KFC - 7UP® (30 fl oz),350.0,0.0,0.0,0.0,1 unidade
KFC - Classic Lemonade (1/2 Gallon),880.0,0.0,0.0,0.0,1 unidade
KFC - Classic Lemonade (20 fl oz),140.0,0.0,0.0,0.0,1 unidade
KFC - Code Red Mountain Dew® (12 fl oz),170.0,0.0,0.0,0.0,1 unidade
KFC - Code Red Mountain Dew® (16 fl oz),230.0,0.0,0.0,0.0,1 unidade
KFC - Code Red Mountain Dew® (20 fl oz),290.0,0.0,0.0,0.0,1 unidade
KFC - Code Red Mountain Dew® (30 fl oz),430.0,0.0,0.0,0.0,1 unidade
KFC - Diet Mist Twst® (30 fl oz),5.0,0.0,0.0,0.0,1 unidade
KFC - Diet Mountain Dew® (16 fl oz),5.0,0.0,0.0,0.0,1 unidade
KFC - Diet Mountain Dew® (20 fl oz),10.0,0.0,0.0,0.0,1 unidade
KFC - Diet Mountain Dew® (30 fl oz),10.0,0.0,0.0,0.0,1 unidade
KFC - Dr Pepper® (12 fl oz),140.0,0.0,0.0,0.0,1 unidade
KFC - Dr Pepper® (16 fl oz),190.0,0.0,0.0,0.0,1 unidade
KFC - Dr Pepper® (20 fl oz),240.0,0.0,0.0,0.0,1 unidade
KFC - Dr Pepper® (30 fl oz),360.0,0.0,0.0,0.0,1 unidade
KFC - Lipton® Brisk® Lemon Tea (12 fl oz),80.0,0.0,0.0,0.0,1 unidade
KFC - Lipton® Brisk® Lemon Tea (16 fl oz),110.0,0.0,0.0,0.0,1 unidade
KFC - Lipton® Brisk® Lemon Tea (20 fl oz),140.0,0.0,0.0,0.0,1 unidade
KFC - Lipton® Brisk® Lemon Tea (30 fl oz),210.0,0.0,0.0,0.0,1 unidade
KFC - Lipton® Brisk® No Calorie Peach Iced Green Tea (20 fl oz),5.0,0.0,0.0,0.0,1 unidade
KFC - Lipton® Brisk® No Calorie Peach Iced Green Tea (30 fl oz),10.0,0.0,0.0,0.0,1 unidade
KFC - Lipton® Brisk® Raspberry Tea (12 fl oz),80.0,0.0,0.0,0.0,1 unidade
KFC - Lipton® Brisk® Raspberry Tea (16 fl oz),100.0,0.0,0.0,0.0,1 unidade
KFC - Lipton® Brisk® Raspberry Tea (20 fl oz),130.0,0.0,0.0,0.0,1 unidade
KFC - Lipton® Brisk® Raspberry Tea (30 fl oz),190.0,0.0,0.0,0.0,1 unidade
KFC - Lipton® Brisk® Sweet Iced Tea (12 fl oz),80.0,0.0,0.0,0.0,1 unidade
KFC - Lipton® Brisk® Sweet Iced Tea (16 fl oz),110.0,0.0,0.0,0.0,1 unidade
KFC - Lipton® Brisk® Sweet Iced Tea (20 fl oz),130.0,0.0,0.0,0.0,1 unidade
KFC - Lipton® Brisk® Sweet Iced Tea (30 fl oz),200.0,0.0,0.0,0.0,1 unidade
KFC - Manzanita Sol® (12 fl oz),160.0,0.0,0.0,0.0,1 unidade
KFC - Manzanita Sol® (16 fl oz),210.0,0.0,0.0,0.0,1 unidade
KFC - Manzanita Sol® (20 fl oz),260.0,0.0,0.0,0.0,1 unidade
KFC - Manzanita Sol® (30 fl oz),400.0,0.0,0.0,0.0,1 unidade
KFC - Miranda® Strawberry (12 fl oz),160.0,0.0,0.0,0.0,1 unidade
KFC - Miranda® Strawberry (16 fl oz),220.0,0.0,0.0,0.0,1 unidade
KFC - Miranda® Strawberry (20 fl oz),270.0,0.0,0.0,0.0,1 unidade
KFC - Miranda® Strawberry (30 fl oz),410.0,0.0,0.0,0.0,1 unidade
KFC - Mist Twst® (12 fl oz),150.0,0.0,0.0,0.0,1 unidade
KFC - Mist Twst® (16 fl oz),200.0,0.0,0.0,0.0,1 unidade
KFC - Mist Twst® (20 fl oz),260.0,0.0,0.0,0.0,1 unidade
KFC - Mist Twst® (30 fl oz),380.0,0.0,0.0,0.0,1 unidade
KFC - MNT DEW Sweet Lightning (20 fl oz),120.0,0.0,0.0,0.0,1 unidade
KFC - Mountain Dew® (12 fl oz),160.0,0.0,0.0,0.0,1 unidade
KFC - Mountain Dew® (16 fl oz),220.0,0.0,0.0,0.0,1 unidade
KFC - Mountain Dew® (20 fl oz),270.0,0.0,0.0,0.0,1 unidade
KFC - Mountain Dew® (30 fl oz),410.0,0.0,0.0,0.0,1 unidade
KFC - Mug Root Beer® (12 fl oz),140.0,0.0,0.0,0.0,1 unidade
KFC - Mug Root Beer® (16 fl oz),190.0,0.0,0.0,0.0,1 unidade
KFC - Mug Root Beer® (20 fl oz),240.0,0.0,0.0,0.0,1 unidade
KFC - Mug Root Beer® (30 fl oz),360.0,0.0,0.0,0.0,1 unidade
KFC - Pepsi® (12 fl oz),150.0,0.0,0.0,0.0,1 unidade
KFC - Pepsi® (16 fl oz),200.0,0.0,0.0,0.0,1 unidade
KFC - Pepsi® (20 fl oz),250.0,0.0,0.0,0.0,1 unidade
KFC - Pepsi® (30 fl oz),380.0,0.0,0.0,0.0,1 unidade
KFC - Sobe Lifewater Yumberry Pomegranate (30 fl oz),5.0,0.0,0.0,0.0,1 unidade
KFC - Strawberry Lemonade (1/2 Gallon),950.0,0.0,0.0,0.0,1 unidade
KFC - Strawberry Lemonade (20 fl oz),170.0,0.0,0.0,0.0,1 unidade
KFC - Tropicana® Fruit Punch (12 fl oz),170.0,0.0,0.0,0.0,1 unidade
KFC - Tropicana® Fruit Punch (16 fl oz),230.0,0.0,0.0,0.0,1 unidade
KFC - Tropicana® Fruit Punch (20 fl oz),280.0,0.0,0.0,0.0,1 unidade
KFC - Tropicana® Fruit Punch (30 fl oz),420.0,0.0,0.0,0.0,1 unidade
KFC - Tropicana® Light Lemonade (12 fl oz),5.0,0.0,0.0,0.0,1 unidade
KFC - Tropicana® Light Lemonade (16 fl oz),10.0,0.0,0.0,0.0,1 unidade
KFC - Tropicana® Light Lemonade (20 fl oz),10.0,0.0,0.0,0.0,1 unidade
KFC - Tropicana® Light Lemonade (30 fl oz),15.0,0.0,0.0,0.0,1 unidade
KFC - Tropicana® Pink Lemonade (12 fl oz),150.0,0.0,0.0,0.0,1 unidade
KFC - Tropicana® Pink Lemonade (16 fl oz),210.0,0.0,0.0,0.0,1 unidade
KFC - Tropicana® Pink Lemonade (20 fl oz),260.0,0.0,0.0,0.0,1 unidade
KFC - Tropicana® Pink Lemonade (30 fl oz),390.0,0.0,0.0,0.0,1 unidade
KFC - Tropicana® Twister® Orange (12 fl oz),170.0,0.0,0.0,0.0,1 unidade
KFC - Tropicana® Twister® Orange (16 fl oz),230.0,0.0,0.0,0.0,1 unidade
KFC - Tropicana® Twister® Orange (20 fl oz),290.0,0.0,0.0,0.0,1 unidade
KFC - Tropicana® Twister® Orange (30 fl oz),430.0,0.0,0.0,0.0,1 unidade
KFC - Wild Cherry Pepsi® (12 fl oz),160.0,0.0,0.0,0.0,1 unidade
KFC - Wild Cherry Pepsi® (16 fl oz),210.0,0.0,0.0,0.0,1 unidade
KFC - Wild Cherry Pepsi® (20 fl oz),260.0,0.0,0.0,0.0,1 unidade
KFC - Wild Cherry Pepsi® (30 fl oz),390.0,0.0,0.0,0.0,1 unidade
KFC - Country Fried Steak without Peppered White Gravy,360.0,0.0,0.0,0.0,1 unidade
KFC - Country Fried Steak with Peppered White Gravy,390.0,0.0,0.0,0.0,1 unidade
KFC - KFC® Gizzards,300.0,0.0,0.0,0.0,1 unidade
KFC - KFC® Livers,230.0,0.0,0.0,0.0,1 unidade
Taco Bell - Bacon Club Chalupa,440.0,0.0,0.0,0.0,1 unidade
Taco Bell - Blue Raspberry Freeze™ (16 oz),120.0,0.0,0.0,0.0,1 unidade
Taco Bell - Blue Raspberry Freeze™ (20 oz),150.0,0.0,0.0,0.0,1 unidade
Taco Bell - Loaded Nacho Taco,250.0,0.0,0.0,0.0,1 unidade
Taco Bell - Midnight Berry Freeze™ (16 oz),140.0,0.0,0.0,0.0,1 unidade
Taco Bell - Midnight Berry Freeze™ (20 oz),170.0,0.0,0.0,0.0,1 unidade
Taco Bell - Nacho Fries,320.0,0.0,0.0,0.0,1 unidade
Taco Bell - Nacho Fries BellGrande®,710.0,0.0,0.0,0.0,1 unidade
Taco Bell - Black Bean Chalupa – Online Exclusive,330.0,0.0,0.0,0.0,1 unidade
Taco Bell - Black Bean Quesarito – Online Exclusive,630.0,0.0,0.0,0.0,1 unidade
Taco Bell - Quesarito – Online Exclusive,650.0,0.0,0.0,0.0,1 unidade
Taco Bell - Chalupa Supreme® – Beef,350.0,0.0,0.0,0.0,1 unidade
Taco Bell - Chalupa Supreme® – Chicken,330.0,0.0,0.0,0.0,1 unidade
Taco Bell - Chalupa Supreme® – Steak,330.0,0.0,0.0,0.0,1 unidade
Taco Bell - Cheesy Gordita Crunch,500.0,0.0,0.0,0.0,1 unidade
Taco Bell - Crunchy Taco,170.0,0.0,0.0,0.0,1 unidade
Taco Bell - Crunchy Taco Supreme®,190.0,0.0,0.0,0.0,1 unidade
Taco Bell - Loaded Nacho Taco (New),250.0,0.0,0.0,0.0,1 unidade
Taco Bell - Nacho Cheese Doritos® Locos Taco,170.0,0.0,0.0,0.0,1 unidade
Taco Bell - Nacho Cheese Doritos® Locos Taco Supreme®,190.0,0.0,0.0,0.0,1 unidade
Taco Bell - Soft Taco – Beef,180.0,0.0,0.0,0.0,1 unidade
Taco Bell - Soft Taco – Chicken,160.0,0.0,0.0,0.0,1 unidade
Taco Bell - Bean Burrito (V),350.0,0.0,0.0,0.0,1 unidade
Taco Bell - Beefy 5-Layer Burrito,490.0,0.0,0.0,0.0,1 unidade
Taco Bell - Burrito Supreme® – Beef,390.0,0.0,0.0,0.0,1 unidade
Taco Bell - Burrito Supreme® – Chicken,370.0,0.0,0.0,0.0,1 unidade
Taco Bell - Burrito Supreme® – Steak,370.0,0.0,0.0,0.0,1 unidade
Taco Bell - Chili Cheese Burrito (regional),370.0,0.0,0.0,0.0,1 unidade
Taco Bell - Quesarito – Beef,650.0,0.0,0.0,0.0,1 unidade
Taco Bell - Quesarito – Chicken,620.0,0.0,0.0,0.0,1 unidade
Taco Bell - Quesarito – Steak,630.0,0.0,0.0,0.0,1 unidade
Taco Bell - Chips and Nacho Cheese Sauce (V),220.0,0.0,0.0,0.0,1 unidade
Taco Bell - Nacho Fries (V) (New),320.0,0.0,0.0,0.0,1 unidade
Taco Bell - Nacho Fries BellGrande® (New),710.0,0.0,0.0,0.0,1 unidade
Taco Bell - Nachos BellGrande® – Beef,740.0,0.0,0.0,0.0,1 unidade
Taco Bell - Nachos BellGrande® – Chicken,720.0,0.0,0.0,0.0,1 unidade
Taco Bell - Nachos BellGrande® – Steak,720.0,0.0,0.0,0.0,1 unidade
Taco Bell - Beef Quesarito,650.0,0.0,0.0,0.0,1 unidade
Taco Bell - Black Bean Quesarito (V),630.0,0.0,0.0,0.0,1 unidade
Taco Bell - Quesadilla – Cheese (V),470.0,0.0,0.0,0.0,1 unidade
Taco Bell - Quesadilla – Chicken,510.0,0.0,0.0,0.0,1 unidade
Taco Bell - Quesadilla – Steak,520.0,0.0,0.0,0.0,1 unidade
Taco Bell - Bacon Club Chalupa – Specialties,440.0,0.0,0.0,0.0,1 unidade
Taco Bell - Black Bean Chalupa – Specialties,330.0,0.0,0.0,0.0,1 unidade
Taco Bell - Black Bean Crunchwrap Supreme – Specialties,510.0,0.0,0.0,0.0,1 unidade
Taco Bell - Black Bean Quesarito – Specialties,630.0,0.0,0.0,0.0,1 unidade
Taco Bell - Chalupa Supreme® – Specialties,350.0,0.0,0.0,0.0,1 unidade
Taco Bell - Cheesy Gordita Crunch – Specialties,500.0,0.0,0.0,0.0,1 unidade
Taco Bell - Cheesy Roll Up – Specialties,180.0,0.0,0.0,0.0,1 unidade
Taco Bell - Crunchwrap Supreme® – Specialties,530.0,0.0,0.0,0.0,1 unidade
Taco Bell - Crunchy Taco – Specialties,170.0,0.0,0.0,0.0,1 unidade
Taco Bell - Nacho Cheese Doritos® Locos Taco – Specialties,170.0,0.0,0.0,0.0,1 unidade
Taco Bell - Nachos BellGrande® – Specialties,740.0,0.0,0.0,0.0,1 unidade
Taco Bell - Power Menu Bowl – Specialties,470.0,0.0,0.0,0.0,1 unidade
Taco Bell - Quesadilla – Specialties,510.0,0.0,0.0,0.0,1 unidade
Taco Bell - Quesarito – Specialties,650.0,0.0,0.0,0.0,1 unidade
Taco Bell - Soft Taco – Specialties,180.0,0.0,0.0,0.0,1 unidade
Taco Bell - Soft Taco Supreme – Specialties,210.0,0.0,0.0,0.0,1 unidade
Taco Bell - Veggie Power Menu Bowl – Specialties,430.0,0.0,0.0,0.0,1 unidade
Taco Bell - Black Beans & Rice (V),170.0,0.0,0.0,0.0,1 unidade
Taco Bell - Black Beans (V),50.0,0.0,0.0,0.0,1 unidade
Taco Bell - Cinnabon® Delights™ (2 Pk) (V),160.0,0.0,0.0,0.0,1 unidade
Taco Bell - Cinnabon® Delights™ (12 Pk – Serves 4) (V),930.0,0.0,0.0,0.0,1 unidade
Taco Bell - Cinnamon Twists (V),170.0,0.0,0.0,0.0,1 unidade
Taco Bell - Blue Raspberry Freeze™ (16 oz) (New),120.0,0.0,0.0,0.0,1 unidade
Taco Bell - Blue Raspberry Freeze™ (20 oz) (New),150.0,0.0,0.0,0.0,1 unidade
Taco Bell - Dragon Fruit Freeze (16 oz),190.0,0.0,0.0,0.0,1 unidade
Taco Bell - Dragon Fruit Freeze (20 oz),230.0,0.0,0.0,0.0,1 unidade
Taco Bell - Lowfat Milk – CA (Regional),100.0,0.0,0.0,0.0,1 unidade
Taco Bell - Lowfat Milk – Federal (Regional),80.0,0.0,0.0,0.0,1 unidade
Taco Bell - Midnight Berry Freeze™ (16 oz) (New),140.0,0.0,0.0,0.0,1 unidade
Taco Bell - Midnight Berry Freeze™ (20 oz) (New),170.0,0.0,0.0,0.0,1 unidade
Taco Bell - Mtn Dew® Baja Blast Freeze™ (16 oz),150.0,0.0,0.0,0.0,1 unidade
Taco Bell - Mtn Dew® Baja Blast Freeze™ (20 oz),190.0,0.0,0.0,0.0,1 unidade
Taco Bell - Orange Juice,140.0,0.0,0.0,0.0,1 unidade
Taco Bell - Premium Hot Coffee,10.0,0.0,0.0,0.0,1 unidade
Taco Bell - Regular Iced Coffee,10.0,0.0,0.0,0.0,1 unidade
Taco Bell - Wild Strawberry Freeze™ (16 oz),150.0,0.0,0.0,0.0,1 unidade
Taco Bell - Wild Strawberry Freeze™ (20 oz),190.0,0.0,0.0,0.0,1 unidade
Taco Bell - Beef Burrito – Value Menu,430.0,0.0,0.0,0.0,1 unidade
Taco Bell - Cheesy Bean & Rice Burrito – Value Menu,420.0,0.0,0.0,0.0,1 unidade
Taco Bell - Cheesy Roll Up – Value Menu,180.0,0.0,0.0,0.0,1 unidade
Taco Bell - Chicken Chipotle Melt – Value Menu,190.0,0.0,0.0,0.0,1 unidade
Taco Bell - Chips and Nacho Cheese Sauce – Value Menu,220.0,0.0,0.0,0.0,1 unidade
Taco Bell - Cinnamon Twists – Value Menu,170.0,0.0,0.0,0.0,1 unidade
Taco Bell - Loaded Nacho Taco – Value Menu,250.0,0.0,0.0,0.0,1 unidade
Taco Bell - Bean Burrito,350.0,0.0,0.0,0.0,1 unidade
Taco Bell - Black Bean Chalupa,330.0,0.0,0.0,0.0,1 unidade
Taco Bell - Black Bean Crunchwrap Supreme,510.0,0.0,0.0,0.0,1 unidade
Taco Bell - Black Bean Quesarito,630.0,0.0,0.0,0.0,1 unidade
Taco Bell - Black Beans & Rice,170.0,0.0,0.0,0.0,1 unidade
Taco Bell - Cheese Quesadilla,470.0,0.0,0.0,0.0,1 unidade
Taco Bell - Cheesy Bean & Rice Burrito,420.0,0.0,0.0,0.0,1 unidade
Taco Bell - Cheesy Roll Up,180.0,0.0,0.0,0.0,1 unidade
Taco Bell - Chips and Nacho Cheese Sauce,220.0,0.0,0.0,0.0,1 unidade
Taco Bell - Cinnabon® Delights™ (2 Pack),160.0,0.0,0.0,0.0,1 unidade
Taco Bell - Cinnabon® Delights™ (12 Pack – Serves 4),930.0,0.0,0.0,0.0,1 unidade
Taco Bell - Cinnamon Twists,170.0,0.0,0.0,0.0,1 unidade
Taco Bell - Hash Brown,160.0,0.0,0.0,0.0,1 unidade
Taco Bell - Power Menu Bowl – Veggie,430.0,0.0,0.0,0.0,1 unidade
Taco Bell - Power Menu Bowl – Chicken,470.0,0.0,0.0,0.0,1 unidade
Taco Bell - Power Menu Bowl – Steak,480.0,0.0,0.0,0.0,1 unidade
Taco Bell - Power Menu Bowl – Veggie (V),430.0,0.0,0.0,0.0,1 unidade
Taco Bell - Breakfast Crunchwrap – Bacon,670.0,0.0,0.0,0.0,1 unidade
Taco Bell - Breakfast Crunchwrap – Sausage,720.0,0.0,0.0,0.0,1 unidade
Taco Bell - Breakfast Crunchwrap – Steak,660.0,0.0,0.0,0.0,1 unidade
Taco Bell - Cheesy Toasted Breakfast Burrito – Bacon,350.0,0.0,0.0,0.0,1 unidade
Taco Bell - Cheesy Toasted Breakfast Burrito – Fiesta Potato (V),340.0,0.0,0.0,0.0,1 unidade
Taco Bell - Cheesy Toasted Breakfast Burrito – Sausage,340.0,0.0,0.0,0.0,1 unidade
Taco Bell - Cinnabon® Delights™ (2 Pack) (V),160.0,0.0,0.0,0.0,1 unidade
Taco Bell - Cinnabon® Delights™ (12 Pack – Serves 4) (V),930.0,0.0,0.0,0.0,1 unidade
Taco Bell - Grande Toasted Breakfast Burrito – Bacon,560.0,0.0,0.0,0.0,1 unidade
Taco Bell - Grande Toasted Breakfast Burrito – Sausage,560.0,0.0,0.0,0.0,1 unidade
Taco Bell - Grande Toasted Breakfast Burrito – Steak,560.0,0.0,0.0,0.0,1 unidade
Taco Bell - Hash Brown (V),160.0,0.0,0.0,0.0,1 unidade
Taco Bell - Hash Brown Toasted Breakfast Burrito – Bacon,570.0,0.0,0.0,0.0,1 unidade
Taco Bell - Hash Brown Toasted Breakfast Burrito – Sausage,570.0,0.0,0.0,0.0,1 unidade
Taco Bell - Hash Brown Toasted Breakfast Burrito – Steak,570.0,0.0,0.0,0.0,1 unidade
Taco Bell - 7-Up (16 fl oz),190.0,0.0,0.0,0.0,1 unidade
Taco Bell - Brisk® Mango Iced Tea (16 fl oz),100.0,0.0,0.0,0.0,1 unidade
Taco Bell - Diet Mtn Dew® (16 fl oz),5.0,0.0,0.0,0.0,1 unidade
Taco Bell - Dr Pepper® (16 fl oz),190.0,0.0,0.0,0.0,1 unidade
Taco Bell - G2 – Fruit Punch (16 fl oz),30.0,0.0,0.0,0.0,1 unidade
Taco Bell - Mtn Dew® (16 fl oz),220.0,0.0,0.0,0.0,1 unidade
Taco Bell - Mtn Dew® Baja Blast™ (16 fl oz),220.0,0.0,0.0,0.0,1 unidade
Taco Bell - Mtn Dew® Baja Blast Zero Sugar (16 fl oz),5.0,0.0,0.0,0.0,1 unidade
Taco Bell - Mtn Dew® Kickstart™ Orange Citrus (16 fl oz),70.0,0.0,0.0,0.0,1 unidade
Taco Bell - Mug® Root Beer (16 fl oz),190.0,0.0,0.0,0.0,1 unidade
Taco Bell - Pepsi® (16 fl oz),200.0,0.0,0.0,0.0,1 unidade
Taco Bell - Pepsi® Wild Cherry (16 fl oz),210.0,0.0,0.0,0.0,1 unidade
Taco Bell - Sierra Mist® (16 fl oz),200.0,0.0,0.0,0.0,1 unidade
Taco Bell - Tropicana® Pink Lemonade (16 fl oz),210.0,0.0,0.0,0.0,1 unidade
Taco Bell - 7-Up (20 fl oz),240.0,0.0,0.0,0.0,1 unidade
Taco Bell - Brisk® Mango Iced Tea (20 fl oz),120.0,0.0,0.0,0.0,1 unidade
Taco Bell - Diet Mtn Dew® (20 fl oz),10.0,0.0,0.0,0.0,1 unidade
Taco Bell - Dr Pepper® (20 fl oz),240.0,0.0,0.0,0.0,1 unidade
Taco Bell - G2 – Fruit Punch (20 fl oz),35.0,0.0,0.0,0.0,1 unidade
Taco Bell - Mtn Dew® (20 fl oz),270.0,0.0,0.0,0.0,1 unidade
Taco Bell - Mtn Dew® Baja Blast™ (20 fl oz),280.0,0.0,0.0,0.0,1 unidade
Taco Bell - Mtn Dew® Baja Blast Zero Sugar (20 fl oz),10.0,0.0,0.0,0.0,1 unidade
Taco Bell - Mtn Dew® Kickstart™ Orange Citrus (20 fl oz),90.0,0.0,0.0,0.0,1 unidade
Taco Bell - Mug® Root Beer (20 fl oz),240.0,0.0,0.0,0.0,1 unidade
Taco Bell - Pepsi® (20 fl oz),250.0,0.0,0.0,0.0,1 unidade
Taco Bell - Pepsi® Wild Cherry (20 fl oz),260.0,0.0,0.0,0.0,1 unidade
Taco Bell - Sierra Mist® (20 fl oz),260.0,0.0,0.0,0.0,1 unidade
Taco Bell - Tropicana® Pink Lemonade (20 fl oz),260.0,0.0,0.0,0.0,1 unidade
Taco Bell - 7-Up (30 fl oz),350.0,0.0,0.0,0.0,1 unidade
Taco Bell - Brisk® Mango Iced Tea (30 fl oz),180.0,0.0,0.0,0.0,1 unidade
Taco Bell - Diet Mtn Dew® (30 fl oz),10.0,0.0,0.0,0.0,1 unidade
Taco Bell - Dr Pepper® (30 fl oz),360.0,0.0,0.0,0.0,1 unidade
Taco Bell - G2 – Fruit Punch (30 fl oz),50.0,0.0,0.0,0.0,1 unidade
Taco Bell - Mtn Dew® (30 fl oz),410.0,0.0,0.0,0.0,1 unidade
Taco Bell - Mtn Dew® Baja Blast™ (30 fl oz),420.0,0.0,0.0,0.0,1 unidade
Taco Bell - Mtn Dew® Baja Blast Zero Sugar (30 fl oz),15.0,0.0,0.0,0.0,1 unidade
Taco Bell - Mtn Dew® Kickstart™ Orange Citrus (30 fl oz),130.0,0.0,0.0,0.0,1 unidade
Taco Bell - Mug® Root Beer (30 fl oz),360.0,0.0,0.0,0.0,1 unidade
Taco Bell - Pepsi® (30 fl oz),380.0,0.0,0.0,0.0,1 unidade
Taco Bell - Pepsi® Wild Cherry (30 fl oz),390.0,0.0,0.0,0.0,1 unidade
Taco Bell - Sierra Mist® (30 fl oz),380.0,0.0,0.0,0.0,1 unidade
Taco Bell - Tropicana® Pink Lemonade (30 fl oz),390.0,0.0,0.0,0.0,1 unidade
Pizza Hut - Detroit Double Cheesy Pizza Slice,280.0,0.0,0.0,0.0,1 unidade
Pizza Hut - Detroit Double Pepperoni Pizza Slice,330.0,0.0,0.0,0.0,1 unidade
Pizza Hut - Detroit Meaty Pizza Slice,320.0,0.0,0.0,0.0,1 unidade
Pizza Hut - Detroit Supremo Pizza Slice,290.0,0.0,0.0,0.0,1 unidade
Pizza Hut - Pan Pizza Slices Backyard BBQ Chicken Personal Pan,180.0,0.0,0.0,0.0,1 unidade
Pizza Hut - Pan Pizza Slices Backyard BBQ Chicken Medium,270.0,0.0,0.0,0.0,1 unidade
Pizza Hut - Pan Pizza Slices Backyard BBQ Chicken Large,380.0,0.0,0.0,0.0,1 unidade
Pizza Hut - Pan Pizza Slices Beyond Meat® Pepperoni Medium,240.0,0.0,0.0,0.0,1 unidade
Pizza Hut - Pan Pizza Slices Beyond Meat® Pepperoni Large,350.0,0.0,0.0,0.0,1 unidade
Pizza Hut - Pan Pizza Slices Buffalo Chicken Personal Pan,160.0,0.0,0.0,0.0,1 unidade
Pizza Hut - Pan Pizza Slices Buffalo Chicken Medium,240.0,0.0,0.0,0.0,1 unidade
Pizza Hut - Pan Pizza Slices Buffalo Chicken Large,350.0,0.0,0.0,0.0,1 unidade
Pizza Hut - Pan Pizza Slices Cheese Personal Pan,150.0,0.0,0.0,0.0,1 unidade
Pizza Hut - Pan Pizza Slices Cheese Medium,250.0,0.0,0.0,0.0,1 unidade
Pizza Hut - Pan Pizza Slices Cheese Large,360.0,0.0,0.0,0.0,1 unidade
Pizza Hut - Pan Pizza Slices Chicken Bacon Parmesan Personal Pan,180.0,0.0,0.0,0.0,1 unidade
Pizza Hut - Pan Pizza Slices Chicken Bacon Parmesan Medium,270.0,0.0,0.0,0.0,1 unidade
Pizza Hut - Pan Pizza Slices Chicken Bacon Parmesan Large,390.0,0.0,0.0,0.0,1 unidade
Pizza Hut - Pan Pizza Slices Hawaiian Chicken Personal Pan,150.0,0.0,0.0,0.0,1 unidade
Pizza Hut - Pan Pizza Slices Hawaiian Chicken Medium,240.0,0.0,0.0,0.0,1 unidade
Pizza Hut - Pan Pizza Slices Hawaiian Chicken Large,350.0,0.0,0.0,0.0,1 unidade
Pizza Hut - Pan Pizza Slices Meat Lover’s® Personal Pan,210.0,0.0,0.0,0.0,1 unidade
Pizza Hut - Pan Pizza Slices Meat Lover’s® Medium,320.0,0.0,0.0,0.0,1 unidade
Pizza Hut - Pan Pizza Slices Meat Lover’s® Large,470.0,0.0,0.0,0.0,1 unidade
Pizza Hut - Pan Pizza Slices Pepperoni Personal Pan,150.0,0.0,0.0,0.0,1 unidade
Pizza Hut - Pan Pizza Slices Pepperoni Medium,250.0,0.0,0.0,0.0,1 unidade
Pizza Hut - Pan Pizza Slices Pepperoni Large,370.0,0.0,0.0,0.0,1 unidade
Pizza Hut - Pan Pizza Slices Pepperoni Lover’s® Personal Pan,180.0,0.0,0.0,0.0,1 unidade
Pizza Hut - Pan Pizza Slices Pepperoni Lover’s® Medium,300.0,0.0,0.0,0.0,1 unidade
Pizza Hut - Pan Pizza Slices Pepperoni Lover’s® Large,440.0,0.0,0.0,0.0,1 unidade
Pizza Hut - Pan Pizza Slices Supreme Personal Pan,170.0,0.0,0.0,0.0,1 unidade
Pizza Hut - Pan Pizza Slices Supreme Medium,270.0,0.0,0.0,0.0,1 unidade
Pizza Hut - Pan Pizza Slices Supreme Large,390.0,0.0,0.0,0.0,1 unidade
Pizza Hut - Pan Pizza Slices Ultimate Cheese Lover’s® Personal Pan,170.0,0.0,0.0,0.0,1 unidade
Pizza Hut - Pan Pizza Slices Ultimate Cheese Lover’s® Medium,270.0,0.0,0.0,0.0,1 unidade
Pizza Hut - Pan Pizza Slices Ultimate Cheese Lover’s® Large,390.0,0.0,0.0,0.0,1 unidade
Pizza Hut - Pan Pizza Slices Veggie Lover’s® Personal Pan,140.0,0.0,0.0,0.0,1 unidade
Pizza Hut - Pan Pizza Slices Veggie Lover’s® Medium,230.0,0.0,0.0,0.0,1 unidade
Pizza Hut - Pan Pizza Slices Veggie Lover’s® Large,330.0,0.0,0.0,0.0,1 unidade
Pizza Hut - Hand Tossed Slices Backyard BBQ Chicken Small,140.0,0.0,0.0,0.0,1 unidade
Pizza Hut - Hand Tossed Slices Backyard BBQ Chicken Medium,220.0,0.0,0.0,0.0,1 unidade
Pizza Hut - Hand Tossed Slices Backyard BBQ Chicken Large,300.0,0.0,0.0,0.0,1 unidade
Pizza Hut - Hand Tossed Slices Beyond Meat® Pepperoni Medium,200.0,0.0,0.0,0.0,1 unidade
Pizza Hut - Hand Tossed Slices Beyond Meat® Pepperoni Large,280.0,0.0,0.0,0.0,1 unidade
Pizza Hut - Hand Tossed Slices  Buffalo Chicken Small,130.0,0.0,0.0,0.0,1 unidade
Pizza Hut - Hand Tossed Slices  Buffalo Chicken Medium,200.0,0.0,0.0,0.0,1 unidade
Pizza Hut - Hand Tossed Slices  Buffalo Chicken Large,270.0,0.0,0.0,0.0,1 unidade
Pizza Hut - Hand Tossed Slices Cheese Small,130.0,0.0,0.0,0.0,1 unidade
Pizza Hut - Hand Tossed Slices Cheese Medium,210.0,0.0,0.0,0.0,1 unidade
Pizza Hut - Hand Tossed Slices Cheese Large,290.0,0.0,0.0,0.0,1 unidade
Pizza Hut - Hand Tossed Slices Chicken Bacon Parmesan Small,150.0,0.0,0.0,0.0,1 unidade
Pizza Hut - Hand Tossed Slices Chicken Bacon Parmesan Medium,230.0,0.0,0.0,0.0,1 unidade
Pizza Hut - Hand Tossed Slices Chicken Bacon Parmesan Large,310.0,0.0,0.0,0.0,1 unidade
Pizza Hut - Hand Tossed Slices Hawaiian Chicken Small,130.0,0.0,0.0,0.0,1 unidade
Pizza Hut - Hand Tossed Slices Hawaiian Chicken Medium,210.0,0.0,0.0,0.0,1 unidade
Pizza Hut - Hand Tossed Slices Hawaiian Chicken Large,280.0,0.0,0.0,0.0,1 unidade
Pizza Hut - Hand Tossed Slices Meat Lover’s® Small,180.0,0.0,0.0,0.0,1 unidade
Pizza Hut - Hand Tossed Slices Meat Lover’s® Medium,290.0,0.0,0.0,0.0,1 unidade
Pizza Hut - Hand Tossed Slices Meat Lover’s® Large,390.0,0.0,0.0,0.0,1 unidade
Pizza Hut - Hand Tossed Slices Pepperoni Small,130.0,0.0,0.0,0.0,1 unidade
Pizza Hut - Hand Tossed Slices Pepperoni Medium,220.0,0.0,0.0,0.0,1 unidade
Pizza Hut - Hand Tossed Slices Pepperoni Large,300.0,0.0,0.0,0.0,1 unidade
Pizza Hut - Hand Tossed Slices Pepperoni Lover’s® Small,160.0,0.0,0.0,0.0,1 unidade
Pizza Hut - Hand Tossed Slices Pepperoni Lover’s® Medium,270.0,0.0,0.0,0.0,1 unidade
Pizza Hut - Hand Tossed Slices Pepperoni Lover’s® Large,370.0,0.0,0.0,0.0,1 unidade
Pizza Hut - Hand Tossed Slices Supreme Small,150.0,0.0,0.0,0.0,1 unidade
Pizza Hut - Hand Tossed Slices Supreme Medium,240.0,0.0,0.0,0.0,1 unidade
Pizza Hut - Hand Tossed Slices Supreme Large,320.0,0.0,0.0,0.0,1 unidade
Pizza Hut - Hand Tossed Slices Ultimate Cheese Lover’s® Small,150.0,0.0,0.0,0.0,1 unidade
Pizza Hut - Hand Tossed Slices Ultimate Cheese Lover’s® Medium,230.0,0.0,0.0,0.0,1 unidade
Pizza Hut - Hand Tossed Slices Ultimate Cheese Lover’s® Large,310.0,0.0,0.0,0.0,1 unidade
Pizza Hut - Hand Tossed Slices Veggie Lover’s® Small,120.0,0.0,0.0,0.0,1 unidade
Pizza Hut - Hand Tossed Slices Veggie Lover’s® Medium,200.0,0.0,0.0,0.0,1 unidade
Pizza Hut - Hand Tossed Slices Veggie Lover’s® Large,260.0,0.0,0.0,0.0,1 unidade
